ID,PhoneNO,Account No,business name,new bsuiness type,Bus. cate,CAT1,CAT2,CAT3,CAT4,CAT5,CAT6,Suburb, 2021  Current Bill ,ACTUAL ARREARS, 2021 Outst bal. , DIVISION ,PAYMENTS
2705,20200003179,AYW14198010001,AFRICAN EXPLOSIVE LTD.,MINERAL AND OIL MINING/MARKETING FIRMS,G,21,179,910,910,910,910,AIRPORT WEST,3787.2,3787.2,6206.8,14,1367.6
2706,20200003180,AYW14111011002,ASSURE ADVISORS LTD.,INSURANCE COMPANIES (LIFE INSURANCE),B,13,110,627,627,627,627,DZORWULU,2668,2668,4786,14,550
2707,20200003181,AYW13050025004,G&J COMMUNICATION LIMITED,TELECOM COMPANIES (OFFICES),C,13,110,627,627,627,627,,1100,1100,1905,13,295
2708,20200003182,AYW14009009006,UNITY IS GOOD FOREX BUREAU,FOREX BUREAUX/STAND ALONE ATMS,A,13,111,632,632,632,632,TESANO,700,700,1300,14,100
2709,20200003183,AYW14116001013,FATCOMS FOREX BUREAU LTD.,FOREX BUREAUX/STAND ALONE ATMS,A,13,111,632,632,632,632,DZORWULU,700,700,1300,14,100
2710,20200003184,AYW13013033004,JAFA FOREX BUREAU,FOREX BUREAUX / STAND ALONE ATMS,A,13,111,632,632,632,632,,700,700,1100,13,300
2711,20200003185,AYW13117003001,EAST LEGON GUEST HOUSE,GUEST HOUSES/RESORTS,A,29,212,1046,1046,1046,1046,SHIASHIE,1400,1400,1800,13,1000
2712,20200003186,AYW13049009006,X - MEN LTD,BEAUTY COMPLEX (E.G. FC BEAUTY),B,3,30,155,155,155,155,EAST LEGON,485,485,870,13,100
2713,20200003187,AYW13108011004,PROCAL FOREX BUREAU,FOREX BUREAUX/STAND ALONE ATMS,A,13,111,632,632,632,632,EAST LEGON,700,700,1050,13,350
2714,20200003188,AYW13123001017,VICTOR ANKU-TSEDE,PRIVATE LEGAL ESTABLISHMENTS/FIRMS,A,23,194,978,978,978,978,EAST LEGON,736.4,736.4,972.8,13,500
2715,20200003189,AYW14020024001,MAYAA FASHION DESIGNER,FASHION DESIGNERS (SHOPS),A,20,173,879,879,879,627,ABELENKPE,370,370,570,14,170
2716,20200003190,AYW14204001002,MARIVET VERTINARY CLINIC,PRIVATE VETINARY SERVICES,B,2,18,59,59,59,59,ROMAN RIDGE,700,700,900,14,500
2717,20200003191,AYW14153006002,GEODRILL GHANA LTD.,MINERAL AND OIL MINING/MARKETING FIRMS,G,21,179,910,910,910,910,AIRPORT WEST,3787.2,3787.2,3974.4,14,3600
2718,20200003192,AYW14106014005,FELUZI WINES & LIQUOR SHOP,DISTRIBUTORS,C,13,110,627,627,627,627,DZORWULU,230,230,310,14,150
2719,20200003193,AYW13011025003,SPEEDSTER CYBER,INTERNET CAF�,C,6,61,342,342,342,342,EAST LEGON,166,166,232,13,100
2720,20200003194,AYW13010023003,JULITOM,DRINKING BAR,B,29,212,1066,1066,1066,1066,,158,158,216,13,100
2721,20200003195,AYW14153003007,COMFORT COOL AIR SSERVICE LTD.,GARAGES,D,3,24,88,91,91,91,AIRPORT WEST RES. AR,100,100,150,14,50
2722,20200003196,AYW13099017001,WINGLOW CLOTHS,FASHION DESIGNERS (SHOPS),A,20,173,879,879,879,627,EAST LEGON,370,370,400,13,340
2723,20200003197,AYW13143009001,MAHASIN GARAGES,GARAGES,B,3,24,88,89,89,89,EAST LEGON,315.6,315.6,331.2,13,300
2724,20200003198,AYW14062016001,DEKROSOFT CAFE,INTERNET CAF�,D,6,61,343,343,343,343,ABELENKPE,88,88,96,14,80
2725,20200003199,AYW14076010001,GOD IS ABLE INTERNET CAFE,INTERNET CAF�,D,6,61,343,343,343,343,ABELENKPE,88,88,96,14,80
2726,20200003200,AYW14111011001,LAWCONSORTIUM ATTONEYS,PRIVATE LEGAL ESTABLISHMENTS/FIRMS,A,23,194,978,978,978,978,DZORWULU,736.4,736.4,736.8,14,736
2727,20200003201,AYW12073015002,SAMODAK,WAREHOUSE (UNBOUNDED),A,31,227,1153,1153,1153,1153,W. LANDS,2104,2104,2104,12,2104
2728,20200003202,AYW13009001001,EAST LEGON VETERINARY,PRIVATE VETINARY SERVICES,B,2,18,59,59,59,59,TRINITY COLLEGE,700,700,700,13,700
2729,20200003203,AYW13009008027,LEGAL STONE SOLICITOR,PRIVATE LEGAL ESTABLISHMENTS/FIRMS,A,23,194,978,978,978,978,EAST LEGON,736.4,736.4,736.4,13,736.4
2730,20200003204,AYW13013032007,MOBACOM,MONEY TRANSFER AGENCIES,C,13,110,627,627,627,627,EAST LEGON,500,500,500,13,500
2731,20200003205,AYW13026005001,QUICK & FINE CO. LTD.,SUPERMARKETS/SHOPPING MALL,B,5,51,300,300,300,300,EAST LEGON,1213,1213,1213,13,1213
2732,20200003206,AYW13055002001,GAMERX,INTERNET CAF�,D,6,61,343,343,343,343,AMBASSADORIAL ENCLAV,88,88,88,13,88
2733,20200003207,AYW13062019005,SEL MART,SUPERMARKETS/SHOPPING MALL,B,5,51,300,300,300,300,EAST LEGON,1213,1213,1213,13,1213
2734,20200003208,AYW13065006001,DR. SACKEY'S VETERINARY CLINIC,PRIVATE VETINARY SERVICES,B,2,18,59,59,59,59,EAST LEGON,700,700,700,13,700
2735,20200003209,AYW13071001018,EXOTIC TRENDZ,BEAUTY COMPLEX (E.G. FC BEAUTY),B,3,30,155,155,155,155,EAST LEGON,485,485,485,13,485
2736,20200003210,AYW13071001028,MAX MART SHOPPING CENTRE,SUPERMARKETS/SHOPPING MALL,A,5,51,299,299,299,299,EAST LEGON,4851,4851,4851,13,4851
2737,20200003211,AYW13071001045,MERCOD FOREX BUREAU,FOREX BUREAUX/STAND ALONE ATMS,A,13,111,632,632,632,632,EAST LEGON,700,700,700,13,700
2738,20200003212,AYW13077023001,MINSOL LIMITED,MINERAL AND OIL MINING/MARKETING FIRMS,G,21,179,910,910,910,910,EAST LEGON,3787.2,3787.2,3787.2,13,3787.2
2739,20200003213,AYW13104005003,ADDY ?& KAI VILLAS,RENTING OF PROPERTIES AS BUSINESS,B,11,100,590,590,590,590,EAST LEGON,4500,4500,4500,13,4500
2740,20200003214,AYW13105003003,NURI TELECOM,TELECOM COMPANIES(OFFICES),A,6,71,388,388,388,388,EAST LEGON,909,909,909,13,909
2741,20200003215,AYW13109007001,GATEWAY SERVICE LIMITED,TRADE/CUSTOMS/INSPECT CO.,B,6,71,388,388,388,388,EAST LEGON,2205,2205,2205,13,2205
2742,20200003216,AYW13112009001,ROCKSURE LTD.,MINERAL AND OIL MINING/MARKETING FIRMS,G,21,179,910,910,910,910,EAST LEGON,3787.2,3787.2,3787.2,13,3787.2
2743,20200003217,AYW13113023001,SOLAND 1 LTD,CONTRACTORS (BUILDING/CIVIL),B,7,79,453,453,453,453,EAST LEGON,1650,1650,1650,13,1650
2744,20200003218,AYW13130027005,AVERY SCOH,RENTING OF PROPERTIES AS BUSINESS,C,11,100,591,591,591,591,EAST LEGON,2500,2500,2500,13,2500
2745,20200003219,AYW13132006001,DELLINO FPREX BUREAU,FOREX BUREAUX / STAND ALONE ATMS,C,13,111,632,632,632,632,,700,700,700,13,700
2746,20200003220,AYW13135006003,MATANDY AUDIO EXPERTS,ELECTRONIC PART &MUSICAL INSTRUMENT,A,6,71,388,388,388,388,EAST LEGON,120,120,120,13,120
2747,20200003221,AYW13136006001,LEASEFRIC GHANA LIMITED,RENTING OF PROPERTIES AS BUSINESS,C,11,100,591,591,591,591,EAST LEGON,2500,2500,2500,13,2500
2748,20200003222,AYW13138001002,CHRIS-ELLE,BEAUTY COMPLEX (E.G. FC BEAUTY),B,3,30,155,155,155,155,EAST LEGON,485,485,485,13,485
2749,20200003223,AYW13146003003,ALPHA ENGINEERING LTD.,CONTRACTORS/SUPPLIERS (NOTE 3),C,7,79,442,442,442,442,SHIASHIE,1600,1600,1600,13,1600
2750,20200003224,AYW13146008001,CLIFTON PLACE ESTATE MANAGEMENT ASSO.,RENTING OF PROPERTIES AS BUSINESS,B,11,100,590,590,590,590,SHIASHIE,4500,4500,4500,13,4500
2751,20200003225,AYW13146026001,CLIFTON COURT ESTATE MANAGEMENT ASSO.,RENTING OF PROPERTIES AS BUSINESS,B,11,100,590,590,590,590,SHIASHIE,4500,4500,4500,13,4500
2752,20200003226,AYW14009003002,MTN TESANO BRANCH,MONEY TRANSFER AGENCIES,B,6,71,388,388,388,388,TESANO,1213,1213,1213,14,1213
2753,20200003227,AYW14009022001,AQUATIC SERVICES LTD.,WAREHOUSE (CUSTOMS BONDED),D,31,227,1152,1152,1152,1150,TESANO,2630,2630,2630,14,2630
2754,20200003228,AYW14010003001,AMOH GAS LTD.,LIQUIFIED PETROLEUM GAS,B,9,89,543,543,543,543,APENKWA,400,400,400,14,400
2755,20200003229,AYW14019010001,CHINA RAILWAY NO.5 GHANA LTD,CONTRACTORS (BUILDING/CIVIL),B,7,79,453,453,453,453,ABELENKPE,1650,1650,1650,14,1650
2756,20200003230,AYW14040006001,NESTLE GH. LTD.,MULTINATIONAL COMPANY,A,6,71,388,388,388,388,DZORWULU,3850,3850,3850,14,3850
2757,20200003231,AYW14064003001,T X T GHANA,TELECOM COMPANIES(OFFICES),A,6,71,388,388,388,388,ABELENKPE,909,909,909,14,909
2758,20200003232,AYW14069002001,FACOL ROADS LIMITED,CONTRACTORS/SUPPLIERS (NOTE 3),A,7,79,440,440,440,440,ABELENKPE,5700,5700,5700,14,5700
2759,20200003233,AYW14092004001,GIFTED HANDS FASHIONS,FASHION DESIGNERS (SHOPS),B,20,173,880,880,880,880,DZORWULU,120,120,120,14,120
2760,20200003234,AYW14110012006,ENTERPRISE LIFE,INSURANCE COMPANIES (LIFE INSURANCE),B,13,110,627,627,627,627,DZORWULU,2668,2668,2668,14,2668
2761,20200003235,AYW14143014001,C. W. G. GHANA LTD.,SALE OF COMPUTER/ ACCESSORIES,B,28,209,1024,1024,1024,1024,AIRPORT WEST RES. AR,910,910,910,14,910
2762,20200003236,AYW14149006001,GLOBAL MEDIA ALLIANCE,MEDIA CONSULTANTS,A,6,67,369,369,369,369,DZORWULU,331,331,331,14,331
2763,20200003237,AYW14153004002,WILEB MINING SUPPLIES LTD.,MINERAL AND OIL MINING/MARKETING FIRMS,G,21,179,910,910,910,910,AIRPORT WEST,3787.2,3787.2,3787.2,14,3787.2
2764,20200003238,AYW14155001004,LAW PLUS,PRIVATE LEGAL ESTABLISHMENTS/FIRMS,A,23,194,978,978,978,978,AIRPORT WEST,736.4,736.4,736.4,14,736.4
2765,20200003239,AYW14164006001,GATEWAY AFRICA INVESTMENT LTD.,RENTING OF PROPERTIES AS BUSINESS,C,11,100,591,591,591,591,AIRPORT WEST,2500,2500,2500,14,2500
2766,20200003240,AYW14164006003,NEWMONT (AIRPORT WEST),MINERAL AND OIL MINING/MARKETING FIRMS,A,21,179,904,904,904,904,AIRPORT WEST,15200,15200,15200,14,15200
2767,20200003241,AYW14165008002,GHANALIFE INSURANCE,INSURANCE COMPANIES (LIFE INSURANCE),A,13,110,626,626,626,626,AIRPORT WEST,8600,8600,8600,14,8600
2768,20200003242,AYW14168005001,YINSON GAZANIA,MINERAL AND OIL MINING/MARKETING FIRMS,D,21,179,907,907,907,907,AIRPORT CITY,6500,6500,6500,14,6500
2769,20200003243,AYW14170014001,AMAJA OILFIELD LTD.,MINERAL AND OIL MINING/MARKETING FIRMS,G,21,179,910,910,910,910,AIRPORT WEST,3787.2,3787.2,3787.2,14,3787.2
2770,20200003244,AYW14171009001,AKYIANU & ASSOCIATES,PRIVATE LEGAL ESTABLISHMENTS/FIRMS,A,23,194,978,978,978,978,AIRPORT BYPASS,736.4,736.4,736.4,14,736.4
2771,20200003245,AYW14175011001,JLD AND MB LEGAL CONSULTANCY,PRIVATE LEGAL ESTABLISHMENTS/FIRMS,A,23,194,978,978,978,978,AIRPORT WEST,736.4,736.4,736.4,14,736.4
2772,20200003246,AYW14175011002,PGS GH. LTD.,MINERAL AND OIL MINING/MARKETING FIRMS,D,21,179,907,907,907,907,AIRPORT WEST,6500,6500,6500,14,6500
2773,20200003247,AYW14176012004,TECHNOLOGY MGT. GH. LTD.,MINERAL AND OIL MINING/MARKETING FIRMS,G,21,179,910,910,910,910,AIRPORT WEST RES. AR,3787.2,3787.2,3787.2,14,3787.2
2774,20200003248,AYW14176012007,GROW ACTION ENGINEERING AND CONSTRUCTION LTD.,CONTRACTORS (BUILDING/CIVIL),A,7,79,452,452,452,452,AIRPORT WEST,3000,3000,3000,14,3000
2775,20200003249,AYW14178014004,AFRICA UNDERGROUND MINING SERVICE GHANA,MINERAL AND OIL MINING/MARKETING FIRMS,D,21,179,907,907,907,907,AIRPORT WEST,6500,6500,6500,14,6500
2776,20200003250,AYW14185015001,GOLDFIELDS GHANA LTD.,MINERAL AND OIL MINING/MARKETING FIRMS,D,21,179,907,907,907,907,AIRPORT WEST RES. AR,6500,6500,6500,14,6500
2777,20200003251,AYW14187009002,GOLDEN STAR RESOURCES,MINERAL AND OIL MINING/MARKETING FIRMS,D,21,179,907,907,907,907,AIRPORT WEST,6500,6500,6500,14,6500
2778,20200003252,AYW14191017001,"KULENDI, AMPONSAH, FAIBILLE",PRIVATE LEGAL ESTABLISHMENTS/FIRMS,A,23,194,978,978,978,978,AIRPORT WEST,736.4,736.4,736.4,14,736.4
2779,20200003253,AYW14195002006,AMAJA TUBULAR SERVICE LTD.,MINERAL AND OIL MINING/MARKETING FIRMS,D,21,179,907,907,907,907,AIRPORT COMMERCIAL,6500,6500,6500,14,6500
2780,20200003254,AYW14195003002,NOWAK CO. LTD.,RENTING OF PROPERTIES AS BUSINESS,C,11,100,591,591,591,591,AIRPORT COMMERCIAL,2500,2500,2500,14,2500
2781,20200003255,AYW14195003010,ALBECOF INTERNET CAFE,INTERNET CAF�,D,6,61,343,343,343,343,MINISTERIAL AREA,88,88,88,14,88
2782,20200003256,AYW14196005001,SHELL SUPERMARKET,SUPERMARKETS/SHOPPING MALL,B,5,51,300,300,300,300,AIRPORT COMMERCIAL,1213,1213,1213,14,1213
2783,20200003257,AYW14199006002,SANDY LANE COURT,RENTING OF PROPERTIES AS BUSINESS,B,11,100,590,590,590,590,AIRPORT WEST,4500,4500,4500,14,4500
2784,20200003258,AYW14201021001,K-NET LTD.,SALE OF COMPUTER/ ACCESSORIES,A,28,209,1023,1023,1023,1023,ROMAN RIDGE,2000,2000,2000,14,2000
2785,20200003259,AYW14202004001,KWAME AKUFFO & CO. UNLIMITED,PRIVATE LEGAL ESTABLISHMENTS/FIRMS,A,23,194,978,978,978,978,AIRPORT HILL RES. AR,736.4,736.4,736.4,14,736.4
2786,20200003260,AYW14202004004,CAPITAL PLACE LTD.,RENTING OF PROPERTIES AS BUSINESS,B,11,100,590,590,590,590,ROMAN RIDGE,4500,4500,4500,14,4500
2787,20200003261,AYW14209013002,SILICON HOUSE,ENTERTAINMENT FACILITIES,A,29,212,1077,1077,1077,1077,ROMAN RIDGE,1433,1433,1433,14,1433
2788,20200003262,AYW14119001002,KEYSTONE SOLICITORS,PRIVATE LEGAL ESTABLISHMENTS/FIRMS,A,23,194,978,978,978,978,DZORWULU,736.4,736.4,-0.2,14,1473
2789,20200003263,AYW14140009002,NOVELTY SUPERMARKET,SUPERMARKETS/SHOPPING MALL,B,5,51,300,300,300,300,AIRPORT BYPASS,1213,1213,2426,14,0
2790,20200003264,AYW14104008005,DREDGING INTERNATIONAL,CONTRACTORS (BUILDING/CIVIL),A,7,79,452,452,452,452,DZORWULU,3000,3000,6000,14,0
2791,20200003265,AYW14191001001,REYSON GHANA LTD.,RENTING OF PROPERTIES AS BUSINESS,C,11,100,591,591,591,591,ROMAN RIDGE,2500,2500,5000,14,0
2792,20200003266,AYW13073004005,ASEDA WINS BAR,DRINKING BAR,B,29,212,1066,1066,1066,1066,,158,158,316,13,0
2793,20200003267,AYW13038023001,PIXXELS,DRINKING BAR,A,29,212,1066,1066,1066,1066,,158,158,316,13,0
2794,20200003268,AYW13007026002,GET IN TOUCH,DRINKING BAR,B,29,212,1066,1066,1066,1066,,158,158,316,13,0
2795,20200003269,AYW13026015003,LOMNAVA,DRINKING BAR,B,29,212,1066,1066,1066,1066,,158,158,316,13,0
2796,20200003270,AYW13093007002,DAY BREAK,DRINKING BAR,A,29,212,1063,1063,1063,1063,,126,126,252,13,0
2797,20200003271,AYW13049024002,THE OFFICE,DRINKING BAR,B,29,212,1066,1066,1066,1066,,158,158,316,13,0
2798,20200003272,AYW13009015005,FINGER OF GOD,DRINKING BAR,B,29,212,1066,1066,1066,1066,,158,158,316,13,0
2799,20200003273,AYW13056028008,EXHALE LOUNGE,DRINKING BAR,A,29,212,1065,1065,1065,1065,,663,663,1326,13,0
2800,20200003274,AYW12100004006,A1 PAVEMENT CONST. LTD.,CONCRETE PRODUCTS FACTORIES,B,12,105,423,540,605,605,SOUTH LEGON,2668,2668,5336,12,0
2801,20200003275,AYW14110016002,DISTELL GHANA LIMITED,DISTILLERIES,B,14,116,650,650,650,650,DZORWULU,700,700,1400,14,0
2802,20200003276,AYW13037113002,CHAKAN GLOBAL LIMITED,DISTRIBUTORS,B,14,116,460,588,653,653,,1200,1200,2400,13,0
2803,20200003277,AYW13050005001,MAY MART ENT.,DISTRIBUTORS,C,14,116,460,589,654,654,BAWALESHIE/MPEHUASEM,230,230,460,13,0
2804,20200003278,AYW14005032002,MARGARET BOTCHWAY,DISTRIBUTORS,C,14,116,460,589,654,654,TESANO,230,230,460,14,0
2805,20200003279,AYW14005033004,SLOMAC ENT.,DISTRIBUTORS,C,14,116,460,589,654,654,TESANO,230,230,460,14,0
2806,20200003280,AYW14015018001,BENNITHA MOTTEY STORE,DISTRIBUTORS,C,14,116,460,589,654,654,TESANO,230,230,460,14,0
2807,20200003281,AYW14214008001,BAROBSON'S ENT.,DISTRIBUTORS,C,14,116,460,589,654,654,DZORWULU,230,230,460,14,0
2808,20200003282,AYW13023033001,HEPHZPS COUTURE,FASHION DESIGNERS (SHOPS),A,20,173,879,879,879,876,EAST LEGON,370,370,740,13,0
2809,20200003283,AYW12082002005,MKOGH CLOTHNG,FASHION DESIGNERS (SHOPS),A,16,149,563,703,768,768,LEGON,370,370,740,12,0
2810,20200003284,AYW13032023001,NANA CLOTHS,FASHION DESIGNERS (SHOPS),A,20,173,879,879,879,876,EAST LEGON EXTENSION,370,370,740,13,0
2811,20200003285,AYW13060052001,MA ROSE STUDIO,FASHION DESIGNERS (SHOPS),A,20,173,879,879,879,876,EAST LEGON EXTENSION,370,370,740,13,0
2812,20200003286,AYW13062007001,JEM AFRIK,FASHION DESIGNERS (SHOPS),A,20,173,879,879,879,876,AMBASSADORIAL ENCLAV,370,370,740,13,0
2813,20200003287,AYW13152004001,ASHIE DJANIE,FASHION DESIGNERS (SHOPS),D,12,105,606,606,606,606,EAST LEGON,55,55,110,13,0
2814,20200003288,AYW13061003001,KWESI NTI,FASHION DESIGNERS (SHOPS),A,20,173,879,879,879,876,AMBASSADORIAL ENCLAV,370,370,740,13,0
2815,20200003289,AYW13133003005,MAGRIENE CLOTHES,FASHION DESIGNERS (SHOPS),A,20,173,879,879,879,876,EAST LEGON,370,370,740,13,0
2816,20200003290,AYW13069057001,CHARLOTTE,FASHION DESIGNERS (SHOPS),A,20,173,879,879,879,876,EAST LEGON,370,370,740,13,0
2817,20200003291,AYW13104019001,CHEZ JULIE,FASHION DESIGNERS (SHOPS),A,20,173,879,879,879,876,EAST LEGON,370,370,740,13,0
2818,20200003292,AYW13136002001,PISH CLOTHING,FASHION DESIGNERS (SHOPS),A,20,173,879,879,879,876,EAST LEGON,370,370,740,13,0
2819,20200003293,AYW13095017001,AJEPOMAA DESIGN GALLERY,FASHION DESIGNERS (SHOPS),A,20,173,879,879,879,876,EAST LEGON,370,370,740,13,0
2820,20200003294,AYW13100006002,AKATAASIA CLOTHING,FASHION DESIGNERS (SHOPS),A,20,173,879,879,879,876,EAST LEGON,370,370,740,13,0
2821,20200003295,AYW14009010003,LAUREL CONTURE FASHION ACADAMY,FASHION DESIGNERS (SHOPS),A,20,173,879,879,879,876,TESANO,370,370,740,14,0
2822,20200003296,AYW14114012002,GIFTY'S FASHION CENTRE,FASHION DESIGNERS (SHOPS),A,20,173,879,879,879,876,DZORWULU,370,370,740,14,0
2823,20200003297,AYW14126006001,NURA FASHION,FASHION DESIGNERS (SHOPS),A,20,173,879,879,879,876,DZORWULU,370,370,740,14,0
2824,20200003298,AYW14196002004,SPINDLES,FASHION DESIGNERS (SHOPS),A,20,173,879,879,879,876,AIRPORT COMMERCIAL,370,370,740,14,0
2825,20200003299,AYW14094020002,K. ASANTE FASHION,FASHION DESIGNERS (SHOPS),B,20,173,880,880,880,880,DZORWULU,120,120,240,14,0
2826,20200003300,AYW14104009001,MELANIE CRANE,FASHION DESIGNERS (SHOPS),A,20,173,879,879,879,876,DZORWULU,370,370,740,14,0
2827,20200003301,AYW14114011007,SMART TAILOR & FASHION,FASHION DESIGNERS (SHOPS),A,20,173,879,879,879,876,DZORWULU,370,370,740,14,0
2828,20200003302,AYW14019004002,DEBBIE DESIGNS,FASHION DESIGNERS (SHOPS),B,20,173,880,880,880,880,ABELENKPE,120,120,240,14,0
2829,20200003303,AYW14009013002,LAURENDA NSIAH-KUSI,FASHION DESIGNERS (SHOPS),A,20,173,879,879,879,876,TESANO,370,370,740,14,0
2830,20200003304,AYW14173016003,POKI HOUSE FOREX BUREAU,FOREX BUREAUX / STAND ALONE ATMS,A,13,111,632,632,632,632,AIRPORT WEST,700,700,1400,14,0
2831,20200003305,AYW12100009007,STANBIC BANK GH LIMITED,FOREX BUREAUX / STAND ALONE ATMS,D,13,111,632,632,632,632,LEGON CAMPUS,5260,5260,10520,12,0
2832,20200003306,AYW13051011002,BIG J FOREX BUREAU,FOREX BUREAUX/STAND ALONE ATMS,A,13,111,632,632,632,632,EAST LEGON,700,700,1400,13,0
2833,20200003307,AYW13123001008,ALL -DAY FOREX BUREAU LTD.,FOREX BUREAUX/STAND ALONE ATMS,A,13,111,632,632,632,632,EAST LEGON,700,700,1400,13,0
2834,20200003308,AYW13084021002,ROYAL AVENUE FOREX BUREAUX,FOREX BUREAUX/STAND ALONE ATMS,A,13,111,632,632,632,632,EAST LEGON,700,700,1400,13,0
2835,20200003309,AYW13060027002,THREE SAINTS FOREX BUREAU,FOREX BUREAUX/STAND ALONE ATMS,A,13,111,632,632,632,632,EAST LEGON,700,700,1400,13,0
2836,20200003310,AYW13026052001,EMMAJET FOREX BUREAU,FOREX BUREAUX/STAND ALONE ATMS,A,13,111,632,632,632,632,TRINITY COLLEGE,700,700,1400,13,0
2837,20200003311,AYW13062019011,WINNER FOREX BUREAUX,FOREX BUREAUX/STAND ALONE ATMS,A,13,111,632,632,632,632,BAWALESHIE/MPEHUASEM,700,700,1400,13,0
2838,20200003312,AYW13017007001,TUDJANI FOREX BUREAU LTD.,FOREX BUREAUX/STAND ALONE ATMS,A,13,111,632,632,632,632,BAWALESHIE/MPEHUASEM,700,700,1400,13,0
2839,20200003313,AYW13038020006,CICA FOREX BUREAU,FOREX BUREAUX/STAND ALONE ATMS,A,13,111,632,632,632,632,EAST LEGON,700,700,1400,13,0
2840,20200003314,AYW13133003004,RAM CHAMBERS FOREX BUREAU LTD.,FOREX BUREAUX/STAND ALONE ATMS,A,13,111,632,632,632,632,EAST LEGON,700,700,1400,13,0
2841,20200003315,AYW13117003004,BIG J FOREX BUREAU,FOREX BUREAUX/STAND ALONE ATMS,A,13,111,632,632,632,632,SHIASHIE,700,700,1400,13,0
2842,20200003316,AYW14113001002,PL FOREX BUREAU LTD.,FOREX BUREAUX/STAND ALONE ATMS,A,13,111,632,632,632,632,DZORWULU,700,700,1400,14,0
2843,20200003317,AYW14196004003,AKWAABA FOREX BUREAU,FOREX BUREAUX/STAND ALONE ATMS,A,13,111,632,632,632,632,AIRPORT COMMERCIAL,700,700,1400,14,0
2844,20200003318,AYW14092012022,ONE WORLD FOREX BUREAX,FOREX BUREAUX/STAND ALONE ATMS,A,13,111,632,632,632,632,DZORWULU,700,700,1400,14,0
2845,20200003319,AYW14121006005,HONOURABLE FOREX BUREAU,FOREX BUREAUX/STAND ALONE ATMS,A,13,111,632,632,632,632,DZORWULU,700,700,1400,14,0
2846,20200003320,AYW14132001007,STOXX,FOREX BUREAUX/STAND ALONE ATMS,A,13,111,632,632,632,632,DZORWULU,700,700,1400,14,0
2847,20200003321,AYW14196002005,GIOSAP FOREX BUREAU,FOREX BUREAUX/STAND ALONE ATMS,A,13,111,632,632,632,632,ROMAN RIDGE,700,700,1400,14,0
2848,20200003322,AYW14115005002,SINOBAND FOREX BUREAU,FOREX BUREAUX/STAND ALONE ATMS,A,13,111,632,632,632,632,DZORWULU,700,700,1400,14,0
2849,20200003323,AYW14121022001,HONOURABLE FOREX BUREAU,FOREX BUREAUX/STAND ALONE ATMS,A,13,111,632,632,632,632,DZORWULU,700,700,1400,14,0
2850,20200003324,AYW14132004020,INFORMED HOLDINGS LIMITED,STOCK BROKERAGE FIRMS/FUND MGT. FIRM,A,13,110,630,630,630,630,DZORWULU,2670,2670,5340,14,0
2851,20200003325,AYW14071012001,AKUABA FACTORY,FURNITURE INDUSTRY,A,5,53,307,307,307,307,ABELENKPE,1654,1654,3308,14,0
2852,20200003326,AYW14077013001,NEW FORM FURNITURE & CONSTRUCTION LTD.,FURNITURE INDUSTRY,B,5,53,308,308,308,308,ABELENKPE,551,551,1102,14,0
2853,20200003327,AYW14196002006,ENUS CO. LTD.,FURNITURE INDUSTRY,B,3,53,308,308,308,308,AIRPORT WEST,551,551,1102,14,0
2854,20200003328,AYW14103007001,DVO. GHANA,FURNITURE INDUSTRY,B,3,53,308,308,308,308,DZORWULU,551,551,1102,14,0
2855,20200003329,AYW13032010001,MULTIPLEX TYRE SERVICE CENTRE,GARAGES,B,3,24,88,89,89,89,EAST LEGON EXTENSION,315.6,315.6,631.2,13,0
2856,20200003330,AYW13050020002,A 4 MOTORS,GARAGES,B,3,24,88,89,89,89,EAST LEGON,315.6,315.6,631.2,13,0
2857,20200003331,AYW13060022004,AUTOMEDICS,GARAGES,B,3,24,88,89,89,89,EAST LEGON,315.6,315.6,631.2,13,0
2858,20200003332,AYW14022014001,CHAANOH TRADING ENT.,GARAGES,B,3,24,88,89,89,89,ACHIMOTA FOREST RESI,315.6,315.6,631.2,14,0
2859,20200003333,AYW14077015002,M. PLAZA WORKSHOP,GARAGES,B,3,24,88,89,89,89,S.C.C./PLANTPOOL,315.6,315.6,631.2,14,0
2860,20200003334,AYW14014001001,BRAIN ENGINEERING WORKS,GARAGES,D,3,24,88,91,91,91,TESANO,100,100,200,14,0
2861,20200003335,AYW13062019007,TRIBECA HOTEL,GUEST HOUSES/RESORTS,A,29,212,1048,1048,1048,1048,AMBASSADORIAL ENCLAV,368.2,368.2,736.4,13,0
2862,20200003336,AYW14199010002,ALPHA HAULAGE & GENERAL MERCHANTS LTD.,IMPORTERS WITH WHOLESALE,B,30,223,1138,1138,1138,1138,AIRPORT WEST RES. AR,2000,2000,4000,14,0
2863,20200003337,AYW13069045001,MFI  GHANA LTD.,SALE OF COMPUTER/ ACCESSORIES,A,28,209,1023,1023,1023,1023,EAST LEGON,2000,2000,4000,13,0
2864,20200003338,AYW13013029001,CONSUMER TUTUTION,SALE OF COMPUTER/ ACCESSORIES,C,28,209,1025,1025,1025,1025,BAWALESHIE/MPEHUASEM,270,270,540,13,0
2865,20200003339,AYW13131006005,JOB 33,SALE OF COMPUTER/ ACCESSORIES,C,28,209,1025,1025,1025,1025,EAST LEGON,270,270,540,13,0
2866,20200003340,AYW14201016001,TECHNOLOGY DISTRIBUTIONS GH. LTD.,SALE OF COMPUTER/ ACCESSORIES,B,28,209,1024,1024,1024,1024,ROMAN RIDGE,910,910,1820,14,0
2867,20200003341,AYW14103006001,FAIR GREEN LIMITED,SALE OF COMPUTER/ ACCESSORIES,B,28,209,1024,1024,1024,1024,DZORWULU,910,910,1820,14,0
2868,20200003342,AYW14172004001,GHANA PETROLEUM MOORING SYSTEMS LTD.,MINERAL AND OIL MINING/MARKETING FIRMS,G,21,179,910,910,910,910,AIRPORT WEST RES. AR,3787.2,3787.2,7574.4,14,0
2869,20200003343,AYW14222010002,A. A. MINERAL LTD.,MINERAL AND OIL MINING/MARKETING FIRMS,G,21,179,910,910,910,910,DZORWULU,3787.2,3787.2,7574.4,14,0
2870,20200003344,AYW13105003002,AZUMAH RESOURCES GH. LTD.,MINERAL AND OIL MINING/MARKETING FIRMS,G,21,179,910,910,910,910,EAST LEGON,3787.2,3787.2,7574.4,13,0
2871,20200003345,AYW13128012002,MENZBANC GHANA CO. LTD.,MINERAL AND OIL MINING/MARKETING FIRMS,G,21,179,910,910,910,910,EAST LEGON,3787.2,3787.2,7574.4,13,0
2872,20200003346,AYW13127001001,ITALTEC GH. LIMITED,MINERAL AND OIL MINING/MARKETING FIRMS,G,21,179,910,910,910,910,EAST LEGON,3787.2,3787.2,7574.4,13,0
2873,20200003347,AYW13071001036,SAHARA NATURAL RES. LTD.,MINERAL AND OIL MINING/MARKETING FIRMS,G,21,179,910,910,910,910,EAST LEGON,3787.2,3787.2,7574.4,13,0
2874,20200003348,AYW14164006004,NEWMONT GHANA  GOLD LTD.,MINERAL AND OIL MINING/MARKETING FIRMS,A,21,179,904,904,904,904,AIRPORT CAPITAL PLAC,15200,15200,30400,14,0
2875,20200003349,AYW13109006001,SUPREME GROUP APPARTMENT,MINERAL AND OIL MINING/MARKETING FIRMS,G,21,179,910,910,910,910,EAST LEGON,3787.2,3787.2,7574.4,13,0
2876,20200003350,AYW14129001001,WEST AFRICAN GAS PIPE LINE,MINERAL AND OIL MINING/MARKETING FIRMS,D,21,179,907,907,907,907,DZORWULU,6500,6500,13000,14,0
2877,20200003351,AYW14200001001,ANGLOGOLD ASHANTI,MINERAL AND OIL MINING/MARKETING FIRMS,A,21,179,904,904,904,904,AIRPORT WEST,15200,15200,30400,14,0
2878,20200003352,AYW14170013001,ORICA GHANA LTD.,MINERAL AND OIL MINING/MARKETING FIRMS,G,21,179,910,910,910,910,EAST LEGON,3787.2,3787.2,7574.4,14,0
2879,20200003353,AYW14066005003,ADANSI GOLD COMPANY (GH) LTD.,MINERAL AND OIL MINING/MARKETING FIRMS,G,21,179,910,910,910,910,ROMAN RIDGE,3787.2,3787.2,7574.4,14,0
2880,20200003354,AYW14176001001,ASANKO GOLD GHANA LTD.,MINERAL AND OIL MINING/MARKETING FIRMS,G,21,179,910,910,910,910,AIRPORT WEST,3787.2,3787.2,7574.4,14,0
2881,20200003355,AYW14178014005,AFRICAN MINING SERVICES GHANA,MINERAL AND OIL MINING/MARKETING FIRMS,G,21,179,910,910,910,910,AIRPORT WEST,3787.2,3787.2,7574.4,14,0
2882,20200003356,AYW14104004003,MENZBANC GH. CO. LTD,MINERAL AND OIL MINING/MARKETING FIRMS,G,21,179,910,910,910,910,DZORWULU,3787.2,3787.2,7574.4,14,0
2883,20200003357,AYW14020020004,D S G DRILLING,MINERAL AND OIL MINING/MARKETING FIRMS,G,21,179,910,910,910,910,ABELENKPE,3787.2,3787.2,7574.4,14,0
2884,20200003358,AYW14202004003,RIGWORLD INTERNATIONAL SERVICE LIMITED,MINERAL AND OIL MINING/MARKETING FIRMS,D,21,179,907,907,907,907,AIRPORT WEST,6500,6500,13000,14,0
2885,20200003359,AYW14215005001,GHANA CONSOLIDATED DDIAMONDS,MINERAL AND OIL MINING/MARKETING FIRMS,G,21,179,910,910,910,910,ROMAN RIDGE,3787.2,3787.2,7574.4,14,0
2886,20200003360,AYW13106016001,GLORY OIL CO. LTD.,LIQUIFIED PETROLEUM GAS,B,9,89,543,543,543,543,EAST LEGON,400,400,800,13,0
2887,20200003361,AYW14121005001,EPHRAIM GAS,LIQUIFIED PETROLEUM GAS,B,9,89,543,543,543,543,DZORWULU,400,400,800,14,0
2888,20200003362,AYW14163004002,PRIME ATTONEYS,PRIVATE LEGAL ESTABLISHMENTS/FIRMS,A,23,194,978,978,978,978,AIRPORT WEST,736.4,736.4,1472.8,14,0
2889,20200003363,AYW13123037006,OAK & WUUDS LAW,PRIVATE LEGAL ESTABLISHMENTS/FIRMS,A,23,194,978,978,978,978,EAST LEGON,736.4,736.4,1472.8,13,0
2890,20200003364,AYW13037006010,M M T & ASSOCIATES,PRIVATE LEGAL ESTABLISHMENTS/FIRMS,A,23,194,978,978,978,978,EAST LEGON,736.4,736.4,1472.8,13,0
2891,20200003365,AYW13089006002,AYINE & FELLI LEGAL PRACTITIONER,PRIVATE LEGAL ESTABLISHMENTS/FIRMS,A,23,194,978,978,978,978,EAST LEGON,736.4,736.4,1472.8,13,0
2892,20200003366,AYW13131004001,AGUDA & CO,PRIVATE LEGAL ESTABLISHMENTS/FIRMS,A,23,194,978,978,978,978,EAST LEGON,736.4,736.4,1472.8,13,0
2893,20200003367,AYW13129007001,OWUSU-DAPAA LAW & ASSOCIATION,PRIVATE LEGAL ESTABLISHMENTS/FIRMS,A,23,194,978,978,978,978,EAST LEGON,736.4,736.4,1472.8,13,0
2894,20200003368,AYW13027034002,CROWN LAW CONSULT,PRIVATE LEGAL ESTABLISHMENTS/FIRMS,A,23,194,978,978,978,978,EAST LEGON,736.4,736.4,1472.8,13,0
2895,20200003369,AYW14169008001,AXIS LEGAL,PRIVATE LEGAL ESTABLISHMENTS/FIRMS,A,23,194,978,978,978,978,AIRPORT WEST,736.4,736.4,1472.8,14,0
2896,20200003370,AYW14201005001,ESTELLE APPIAH LEGISLATIVE COUNCIL,PRIVATE LEGAL ESTABLISHMENTS/FIRMS,A,23,194,978,978,978,978,ROMAN RIDGE,736.4,736.4,1472.8,14,0
2897,20200003371,AYW14201005002,A & A LAW CONSULT,PRIVATE LEGAL ESTABLISHMENTS/FIRMS,A,23,194,978,978,978,978,ROMAN RIDGE,736.4,736.4,1472.8,14,0
2898,20200003372,AYW14114012020,F - X LAW & ASSOCIATE,PRIVATE LEGAL ESTABLISHMENTS/FIRMS,A,23,194,978,978,978,978,DZORWULU,736.4,736.4,1472.8,14,0
2899,20200003373,AYW14121009001,TORPEY & ASSOCIATES,PRIVATE LEGAL ESTABLISHMENTS/FIRMS,A,23,194,978,978,978,978,DZORWULU,736.4,736.4,1472.8,14,0
2900,20200003374,AYW14003001006,BUBIK ONNY & ASSOCIATES,PRIVATE LEGAL ESTABLISHMENTS/FIRMS,A,23,194,978,978,978,978,TESANO,736.4,736.4,1472.8,14,0
2901,20200003375,AYW14158004003,STANDFORD LAW,PRIVATE LEGAL ESTABLISHMENTS/FIRMS,A,23,194,978,978,978,978,AIRPORT WEST,736.4,736.4,1472.8,14,0
2902,20200003376,AYW14153004011,DARKO-KELE DELATAA & COMPANY,PRIVATE LEGAL ESTABLISHMENTS/FIRMS,A,23,194,978,978,978,978,AIRPORT WEST,736.4,736.4,1472.8,14,0
2903,20200003377,AYW14097017015,GYANDOH ASMAH & CO.,PRIVATE LEGAL ESTABLISHMENTS/FIRMS,A,23,194,978,978,978,978,DZORWULU,736.4,736.4,1472.8,14,0
2904,20200003378,AYW14056016001,JOYCE AMPOFO ENT.,SECOND-HAND CLOTHING,B,16,156,793,793,793,793,ABELENKPE,200,200,400,14,0
2905,20200003379,AYW14123014002,AGARTHA CENTRE,SECOND-HAND CLOTHING,A,16,156,586,726,791,791,DZORWULU,500,500,1000,14,0
2906,20200003380,AYW13071020002,TOTAL SUPER MARKET,SUPERMARKETS/SHOPPING MALL,B,5,51,300,300,300,300,EAST LEGON,1213,1213,2426,13,0
2907,20200003381,AYW13026005005,OPTION MART (ALLIED),SUPERMARKETS/SHOPPING MALL,B,5,51,300,300,300,300,EAST LEGON,1213,1213,2426,13,0
2908,20200003382,AYW14062003001,GOD WILL PROVIDE PROVISION STORE,SUPERMARKETS/SHOPPING MALL,B,5,51,300,300,300,300,ABELENKPE,1213,1213,2426,14,0
2909,20200003383,AYW14196003002,TOTAL PETROLEUM GHANA LTD. (TOTAL SHOP),SUPERMARKETS/SHOPPING MALL,B,5,51,300,300,300,300,AIRPORT COMMERCIAL,1213,1213,2426,14,0
2910,20200003384,AYW14180001003,KOALA  (AIRPORT BRANCH),SUPERMARKETS/SHOPPING MALL,A,5,51,299,299,299,299,AIRPORT WEST,4851,4851,9702,14,0
2911,20200003385,AYW14181005002,ZARA TRADING LTD.,SUPERMARKETS/SHOPPING MALL,C,5,51,301,301,301,301,AIRPORT WEST,221,221,442,14,0
2912,20200003386,AYW13129012002,SOUL HEALTH & W. CENTRE,TRADITIONAL MEDICAL PRACTITIONERS,B,18,160,833,833,833,833,EAST LEGON,53,53,106,13,0
2913,20200003387,AYW13062019001,GHANA LINK NETWORK SERVICES LTD.,TRADE/CUSTOMS/INSPECT CO.,A,30,218,1112,1112,1112,1112,AMBASSADORIAL ENCLAV,4851,4851,9702,13,0
2914,20200003388,AYW13046024002,TOP IN TOWN,VIDEO SHOWING HOUSES,A,29,212,1081,1081,1081,1081,EAST LEGON,607,607,1214,13,0
2915,20200003389,AYW13050025002,V I P ROOM,VIDEO SHOWING HOUSES,A,29,212,1081,1081,1081,1081,EAST LEGON,607,607,1214,13,0
2916,20200003390,AYW14050016001,SHAFIC SHAARANI,WAREHOUSE (CUSTOMS BONDED),B,31,227,1150,1150,1150,1150,ABELENKPE,7000,7000,14000,14,0
2917,20200003391,AYW13103011001,P. W. GH. LTD,CONTRACTORS/SUPPLIERS (NOTE 3),A,7,79,440,440,440,440,EAST LEGON,5700,5700,11400,13,0
2918,20200003392,AYW13090011001,REIME GHANA LIMITED,CONTRACTORS/SUPPLIERS (NOTE 3),B,7,79,441,441,441,441,EAST LEGON,3600,3600,7200,13,0
2919,20200003393,AYW13093023002,TECBUILD TEL COMPANY LTD.,CONTRACTORS/SUPPLIERS (NOTE 3),B,7,79,441,441,441,441,SHIASHIE,3600,3600,7200,13,0
2920,20200003394,AYW13143009008,COLONIA PROPERTIES,CONTRACTORS/SUPPLIERS (NOTE 3),A,7,79,440,440,440,440,EAST LEGON,5700,5700,11400,13,0
2921,20200003395,AYW13107002001,GHACOS LIMITED,CONTRACTORS/SUPPLIERS (NOTE 3),B,7,79,441,441,441,441,EAST LEGON,3600,3600,7200,13,0
2922,20200003396,AYW14166004001,FRIGO COMPANY LTD.,CONTRACTORS/SUPPLIERS (NOTE 3),D,7,79,443,443,443,443,AIRPORT WEST RES. AR,830,830,1660,14,0
2923,20200003397,AYW14069005004,SAITAMA ENTERPRISE LIMITED,CONTRACTORS/SUPPLIERS (NOTE 3),D,7,79,443,443,443,443,ABELENKPE,830,830,1660,14,0
2924,20200003398,AYW14069002005,ENGINEERS & PLANNERS,CONTRACTORS/SUPPLIERS (NOTE 3),A,7,79,440,440,440,440,ABELENKPE,5700,5700,11400,14,0
2925,20200003399,AYW14005030024,JECSEJ VENTURES,CONTRACTORS/SUPPLIERS (NOTE 3),D,7,79,443,443,443,443,TESANO,830,830,1660,14,0
2926,20200003400,AYW14143009006,COLONIA PROPERTIES,CONTRACTORS/SUPPLIERS (NOTE 3),C,7,79,442,442,442,442,SHIASHIE,1600,1600,3200,14,0
2927,20200003401,AYW14202004011,SIEMENSA PROPRIETARY LTD.,CONTRACTORS/SUPPLIERS (NOTE 3),A,7,79,440,440,440,440,AIRPORT WEST,5700,5700,11400,14,0
2928,20200003402,AYW14028003002,GELCON LIMITED,CONTRACTORS/SUPPLIERS (NOTE 3),C,7,79,442,442,442,442,ABELENKPE,1600,1600,3200,14,0
2929,20200003403,AYW14066002001,SONITRA,CONTRACTORS/SUPPLIERS (NOTE 3),A,7,79,440,440,440,440,ABELENKPE,5700,5700,11400,14,0
2930,20200003404,AYW14097012003,H. A. ONE DAY CONSTRUCTION CO. LTD.,CONTRACTORS (BUILDING/CIVIL),B,7,79,453,453,453,453,ABELENKPE,1650,1650,3300,14,0
2931,20200003405,AYW14104006001,SEG-MAHSEN & CO. LTD.,CONTRACTORS (BUILDING/CIVIL),B,7,79,453,453,453,453,DZORWULU,1650,1650,3300,14,0
2932,20200003406,AYW14068014001,FRANKIPILE GH. LTD.,CONTRACTORS (BUILDING/CIVIL),A,7,79,452,452,452,452,ABELENKPE,3000,3000,6000,14,0
2933,20200003407,AYW14105008002,SEG. MENSAH COMPANY LTD.,CONTRACTORS (BUILDING/CIVIL),B,7,79,453,453,453,453,DZORWULU,1650,1650,3300,14,0
2934,20200003408,AYW14199017002,BENTRY COMPANY LTD.,CONTRACTORS (BUILDING/CIVIL),B,7,79,453,453,453,453,AIRPORT WEST,1650,1650,3300,14,0
2935,20200003409,AYW14097017019,DIVLAGUI GLOAL GROUP LTD,CONTRACTORS (BUILDING/CIVIL),B,7,79,453,453,453,453,DZORWULU,1650,1650,3300,14,0
2936,20200003410,AYW14078001001,STACTLY CORBAN LTD.,CONTRACTORS (BUILDING/CIVIL),A,7,79,452,452,452,452,DZORWULU,3000,3000,6000,14,0
2937,20200003411,AYW14177024008,CONFRASILVAS GHANA LIMITED,CONTRACTORS (BUILDING/CIVIL),A,7,79,452,452,452,452,AIRPORT WEST,3000,3000,6000,14,0
2938,20200003412,AYW13037109001,MALIBU GHANA LIMITED,CONTRACTORS (BUILDING/CIVIL),B,7,78,429,429,429,429,,526,526,1052,13,0
2939,20200003413,AYW13038021001,ROM CONSULTS,CONTRACTORS- BUILDING/CIVIL WORKS,A,7,78,429,429,429,429,EAST LEGON,526,526,1052,13,0
2940,20200003414,AYW14176012002,JACOBSEN ELEKTRO,CONTRACTORS- BUILDING/CIVIL WORKS,A,7,78,429,429,429,429,AIRPORT HILL RES. AR,526,526,1052,14,0
2941,20200003415,AYW14177016001,B. APPAH ELECTRICALS LTD.,CONTRACTORS- BUILDING/CIVIL WORKS,A,7,78,429,429,429,429,AIRPORT HILL RES. AR,526,526,1052,14,0
2942,20200003416,AYW14076007001,SO-ELECT GHANA LIMITED,CONTRACTORS- BUILDING/CIVIL WORKS,A,7,78,429,429,429,429,ABELENKPE,526,526,1052,14,0
2943,20200003417,AYW14002012002,DEMAKEM CO. LTD.,CONTRACTORS- BUILDING/CIVIL WORKS,D,7,78,428,428,428,428,TESANO,100,100,200,14,0
2944,20200003418,AYW14159015001,G. K. L GHANA,CONTRACTORS- BUILDING/CIVIL WORKS,A,7,78,429,429,429,429,AIRPORT WEST,526,526,1052,14,0
2945,20200003419,AYW14113018008,PERFECT VETERNARY CENTRE,PRIVATE VETINARY SERVICES,B,2,18,59,59,59,59,DZORWULU,700,700,1400,14,0
2946,20200003420,AYW14198008001,SPECIAL ANIMAL SERVICES GH. LTD.,PRIVATE VETINARY SERVICES,B,2,18,59,59,59,59,AIRPORT WEST,700,700,1400,14,0
2947,20200003421,AYW14123014001,VILLAGE PETS BREEDING CENTRE,PRIVATE VETINARY SERVICES,B,2,18,59,59,59,59,DZORWULU,700,700,1400,14,0
2948,20200003422,AYW14015024001,UNIVERSAL INTERNET CAFAINE,INTERNET CAF�,D,6,61,343,343,343,343,TESANO,88,88,176,14,0
2949,20200003423,AYW14040025001,MBH INTERNET CAFE,INTERNET CAF�,D,6,61,343,343,343,343,ABELENKPE,88,88,176,14,0
2950,20200003424,AYW14153002001,CASSBA INTERNET CAFE,INTERNET CAF�,B,6,61,341,341,341,341,AIRPORT WEST,551,551,1102,14,0
2951,20200003425,AYW14009009011,AMASCO SCORE,INTERNET CAF�,D,6,61,343,343,343,343,TESANO,88,88,176,14,0
2952,20200003426,AYW14066004001,KASAPA TELECOM LIMITED,TELEPHONE COMPANIES (CELLULAR),F,6,71,391,391,391,391,ABELENKPE,16499.98,16499.98,32999.96,14,0
2953,20200003427,AYW12102001004,GULF CONSOLIDATED LTD.,RENTING OF PROPERTIES AS BUSINESS,C,11,100,591,591,591,591,ABELENKPE,2500,2500,5000,12,0
2954,20200003428,AYW13106021001,NELLSAPON COMPANY LTD.,RENTING OF PROPERTIES AS BUSINESS,C,11,100,591,591,591,591,EAST LEGON,2500,2500,5000,13,0
2955,20200003429,AYW13142001001,FLORA LEGACY APARTMENT,RENTING OF PROPERTIES AS BUSINESS,C,11,100,591,591,591,591,EAST LEGON,2500,2500,5000,13,0
2956,20200003430,AYW14024002003,MODTAY PROPERTIES,RENTING OF PROPERTIES AS BUSINESS,C,11,100,591,591,591,591,ABELENKPE,2500,2500,5000,14,0
2957,20200003431,AYW14201004001,REGUS,RENTING OF PROPERTIES AS BUSINESS,C,11,100,591,591,591,591,ROMAN RIDGE,2500,2500,5000,14,0
2958,20200003432,AYW14128031001,SAM LUXURY APARTMENT,RENTING OF PROPERTIES AS BUSINESS,C,11,100,591,591,591,591,DZORWULU,2500,2500,5000,14,0
2959,20200003433,AYW14110012002,EARL BEAM GROUP HOLIDINGS,RENTING OF PROPERTIES AS BUSINESS,C,11,100,591,591,591,591,DZORWULU,2500,2500,5000,14,0
2960,20200003434,AYW14175014002,IMPERIAL SQUARE,RENTING OF PROPERTIES AS BUSINESS,B,11,100,590,590,590,590,AIRPORT WEST,4500,4500,9000,14,0
2961,20200003435,AYW14161013001,OFFICE SPACE WORLD,RENTING OF PROPERTIES AS BUSINESS,C,11,100,591,591,591,591,ROMAN RIDGE,2500,2500,5000,14,0
2962,20200003436,AYW14097003002,FUN DOME,RENTING OF PROPERTIES AS BUSINESS,B,11,100,590,590,590,590,DZORWULU,4500,4500,9000,14,0
2963,20200003437,AYW14202004016,HTG MANAGED SERVICCES LIMITED,RENTING OF PROPERTIES AS BUSINESS,C,11,100,591,591,591,591,AIRPORT CAPITAL PLAC,2500,2500,5000,14,0
2964,20200003438,AYW14018010003,MARWAKO FAST FOODS LIMITED,FAST FOOD,A,29,212,1063,1063,1063,1063,ABELENKPE,1103,1103,2206,14,0
2965,20200003439,AYW13050026006,GEORGE NEWNES,WORKSHOP/ OFFICE OF GOLDSMITH,B,3,24,91,100,100,100,EAST LEGON,84.16,84.16,168.32,13,0
2966,20200003440,AYW14012015003,TALENT ELECTRICAL ENGINEERING,WORKSHOP/ OFFICE OF GOLDSMITH,B,3,24,91,100,100,100,TESANO,84.16,84.16,168.32,14,0
2967,20200003441,AYW14110019001,TJN2 COMPANY LIMITED,CONTRACT SUPPLIERS,A,7,79,468,468,468,468,ABELENKPE,300,300,600,14,0
2968,20200003442,AYW13109001003,GHANA COMMUNITY RADIO NETWORK,MEDIA CONSULTANTS,A,6,67,369,369,369,369,EAST LEGON,331,331,662,13,0
2969,20200003443,AYW14064002002,UNTRACE LTD,MEDIA CONSULTANTS,A,6,67,369,369,369,369,ACHIMOTA FOREST RESI,331,331,662,14,0
2970,20200003444,AYW14120001008,VISION IN MOTION,MEDIA CONSULTANTS,A,6,67,369,369,369,369,DZORWULU,331,331,662,14,0
2971,20200003445,AYW13106016002,SENAM BEAUTY PALOUR,BEAUTY COMPLEX (E.G. FC BEAUTY),B,3,30,155,155,155,155,EAST LEGON,485,485,970,13,0
2972,20200003446,AYW13007025004,TRINITY COLLEGE,BEAUTY COMPLEX (E.G. FC BEAUTY),B,3,30,155,155,155,155,TRINITY COLLEGE,485,485,970,13,0
2973,20200003447,AYW13056033002,NIDBE SPA,BEAUTY COMPLEX (E.G. FC BEAUTY),B,3,30,155,155,155,155,EAST LEGON,485,485,970,13,0
2974,20200003448,AYW13052010004,SHEELZ,BEAUTY COMPLEX (E.G. FC BEAUTY),C,3,30,156,156,156,156,EAST LEGON,166,166,332,13,0
2975,20200003449,AYW13139014001,WELLNESS INST.,BEAUTY COMPLEX (E.G. FC BEAUTY),A,3,30,154,154,154,154,EAST LEGON,938,938,1876,13,0
2976,20200003450,AYW14196004012,THE SALON,BEAUTY COMPLEX (E.G. FC BEAUTY),B,3,30,155,155,155,155,AIRPORT WEST RES. AR,485,485,970,14,0
2977,20200003451,AYW14156012003,LEBARA GHANA LIMITED,TELECOM COMPANIES(OFFICES),A,6,71,388,388,388,388,AIRPORT WEST,909,909,1818,14,0
2978,20200003452,AYW13030014001,24 SEVEN TRANSPORT SERVICES,TRANSPORT COMPANIES / SERVICES,E,30,226,1148,1148,1148,1148,EAST LEGON,1000,1000,2000,13,0
2979,20200003453,AYW14116001024,AFROCOM GHANA LTD.,MONEY TRANSFER AGENCIES,B,13,113,449,574,639,639,DZORWULU,1213,1213,2426,14,0
2980,20200003454,AYW14156012004,ZEEPAY  GHANA LIMITED,MONEY TRANSFER AGENCIES,C,13,113,450,575,640,640,AIRPORT WEST,500,500,1000,14,0
2981,20200003455,AYW14117007001,ALTRA ELECTRICALS,WAREHOUSE (UNBOUNDED),B,31,227,1154,1154,1154,1154,DZORWULU,925.76,925.76,1851.52,14,0
2982,20200003456,AYW14043012001,SINOPHAM GHANA LTD.,WAREHOUSE (UNBOUNDED),B,31,227,1154,1154,1154,1154,ABELENKPE,925.76,925.76,1851.52,14,0
2983,20200003457,AYW14078002001,NEWMONT GHANA LTD.,WAREHOUSE (UNBOUNDED),A,31,227,1153,1153,1153,1153,DZORWULU,2104,2104,4208,14,0
2984,20200003458,AYW13147008023,U C L GHANA,PIVATE REVENUE AGENTS,A,7,79,323,402,467,467,EAST LEGON,300,300,600,13,0
2985,20200003459,AYW14099014007,VISION EXPRESS OPTICAL,OPTICAL SERVICE,A,18,163,618,775,840,840,DZORWULU,1000,1000,2000,14,0
2986,20200003460,AYW14202004218,RESOURCE BASE INTERNATIONAL LTD,  ,A,9,86,347,458,523,523,AIRPORT,8300,8300,16600,14,0
2987,20200003461,AYW13071007001,PERGERSYS LIMITED,ONLINE SERVICE PROVIDERS,A,5,59,243,298,333,333,,526,526,1052,13,0
2988,20200003462,AYW13077016002,FOREX BEAURUX(MARIA),FOREX BUREAUX / STAND ALONE ATMS,A,13,111,632,632,632,632,,700,700,1400,13,0
2989,20200003463,AYW13069045003,EXCEL LEGAL CONSULTANCY,PRIVATE LEGAL ESTABLISHMENT,A,23,194,979,979,979,979,,607,607,1214,13,0
2990,20200003464,AYW13071007002,THE ARMABIOLLOW GROUP,FAST FOOD,A,29,212,794,985,1067,1067,,263,263,526,13,0
2991,20200003465,AYW13073005002,JUST GRIULLS,FAST FOOD,,29,212,1070,1070,1070,1070,,105,105,210,13,0
2992,20200003466,AYW13013023002,RAHMA PROPERTIES LIMITED,REAL ESTATE AGENTS/AGENCIES,A,11,100,583,583,583,583,,2104,2104,4208,13,0
2993,20200003467,AYW13108014002,KARREAFTY GHANA,REAL ESTATE AGENTS/AGENCIES,B,11,100,584,584,584,584,,526,526,1052,13,0
2994,20200003468,AYW12099017001,PRUDENTIAL LIFE INSURANCE,INSURANE LIFE COMPANIES (INSURANCE),B,13,110,444,562,627,627,NORTH DZORWULU,12600,12600,25200,12,0
2995,20200003469,AYW12099004003,PADEES METAL WORKS,GARAGES,D,3,24,88,91,91,91,NORTH DZORWULU,100,100,200,12,0
2996,20200003470,AYW13050020005,LABRASA,FAST FOOD(LOCAL),A,29,212,1063,1063,1063,1063,LA BAWALESHIE ,63,63,126,13,0
2997,20200003471,AYW13072002001,PERGERSYS LTD.,ONLINE SERVICE PROVIDERS,A,6,66,273,328,363,363,EAST LEGON,4400,4400,8800,13,0
2998,20200003472,AYW13085015002,BIOFEM GHANA LIMITED,IMPORTERS WITH WHOLESALE,B,30,223,1138,1138,1138,1138,PARK STREET,2000,2000,4000,13,0
2999,20200003473,AYW14011020001,TURKISH IMPORT AND TRADING,WAREHOUSE (UNBOUNDED),A,31,227,1153,1153,1153,1153,TESANO,2104,2104,4208,14,0
3000,20200003474,AYW14016031002,CRYSTALERA INTERNET CAFE,INTERNET CAF�,D,6,61,343,343,343,343,ABELENKPE,88,88,176,14,0
3001,20200003475,AYW14017001001,TOTAL SUPERMARKET,SUPERMARKETS/SHOPPING MALL,B,5,51,300,300,300,300,ABELENKPE,1213,1213,2426,14,0
3002,20200003476,AYW14019001001,JOEPAT FASHION DESIGN ENT.,FASHION DESIGNERS (SHOPS),A,20,173,879,879,879,876,ABELENKPE,370,370,740,14,0
3003,20200003477,AYW14019006001,TITUS CAR DEALERS,GARAGES,D,3,24,88,91,91,91,ABELENKPE,100,100,200,14,0
3004,20200003478,AYW14020020001,CHALLANGE HOUSE,RENTING OF PROPERTIES AS BUSINESS,C,11,100,591,591,591,591,ABELENKPE,2500,2500,5000,14,0
3005,20200003479,AYW14033006002,LAST BONE WORLD,SECOND-HAND CLOTHING,B,16,156,793,793,793,793,ABELENKPE,200,200,400,14,0
3006,20200003480,AYW14040006006,EXPRESSO,TELEPHONE COMPANIES (CELLULAR),F,6,71,391,391,391,391,DZORWULU,16499.98,16499.98,32999.96,14,0
3007,20200003481,AYW14043017001,ATIVI CHOP BAR,FAST FOOD,A,29,212,1063,1063,1063,1063,ABELENKPE,1103,1103,2206,14,0
3008,20200003482,AYW14044005005,SAMLINK INTERNET CAFE,INTERNET CAF�,D,6,61,343,343,343,343,ABELENKPE,88,88,176,14,0
3009,20200003483,AYW14047001003,DORA OFORI,DISTRIBUTORS,C,14,116,460,589,654,654,ABELENKPE,230,230,460,14,0
3010,20200003484,AYW14047002001,WISEWAY WINNING VENTURES,SECOND-HAND CLOTHING,B,16,156,793,793,793,793,ABELENKPE,200,200,400,14,0
3011,20200003485,AYW14048001001,HOPPERS CASH & CARRY,DISTRIBUTORS,C,14,116,460,589,654,654,ABELENKPE,230,230,460,14,0
3012,20200003486,AYW14048006001,KEROSMAY CAFE,INTERNET CAF�,D,6,61,343,343,343,343,ABELENKPE,88,88,176,14,0
3013,20200003487,AYW14051008001,HALLMARK OIL LIMITED,WAREHOUSE (UNBOUNDED),B,31,227,1154,1154,1154,1154,ABELENKPE,925.76,925.76,1851.52,14,0
3014,20200003488,AYW14058013003,BLESS FAST FOOD,FAST FOOD,A,29,212,1063,1063,1063,1063,ABELENKPE,1103,1103,2206,14,0
3015,20200003489,AYW14059017001,SOLAR AUTO WORKS,GARAGES,B,3,24,88,89,89,89,ABELENKPE,315.6,315.6,631.2,14,0
3016,20200003490,AYW14060009002,M & M SUMMER CYBER CAFE,INTERNET CAF�,C,6,61,342,342,342,342,ABELENKPE,166,166,332,14,0
3017,20200003491,AYW14071003001,NOVELTY COKES & FAST FOOD,FAST FOOD,A,29,212,1063,1063,1063,1063,ABELENKPE,1103,1103,2206,14,0
3018,20200003492,AYW14076009001,"""D "" DOUBLE ROSES FASHION",FASHION DESIGNERS (SHOPS),A,20,173,879,879,879,876,ABELENKPE,370,370,740,14,0
3019,20200003493,AYW14090001005,ZIGGUART INVESTMENT LTD.,CONTRACTORS/SUPPLIERS (NOTE 3),D,7,79,443,443,443,443,DZORWULU,830,830,1660,14,0
3020,20200003494,AYW14090017005,OBOUR MINTAH & CO.,PRIVATE LEGAL ESTABLISHMENTS/FIRMS,A,23,194,978,978,978,978,DZORWULU,736.4,736.4,1472.8,14,0
3021,20200003495,AYW14091015007,M & O CONSULTS,PRIVATE LEGAL ESTABLISHMENTS/FIRMS,A,23,194,978,978,978,978,DZORWULU,736.4,736.4,1472.8,14,0
3022,20200003496,AYW14092012001,EDWARD K. OPPONG,PRIVATE LEGAL ESTABLISHMENTS/FIRMS,A,23,194,978,978,978,978,DZORWULU,736.4,736.4,1472.8,14,0
3023,20200003497,AYW14092012014,EDWARD K. OPPONG AND ASSOCIATES,PRIVATE LEGAL ESTABLISHMENTS/FIRMS,A,23,194,978,978,978,978,DZORWULU,736.4,736.4,1472.8,14,0
3024,20200003498,AYW14093007001,SWAP TELECOMS,INSTALLATIION OF MAST,D,6,62,258,313,348,348,DZORWULU,780,780,1560,14,0
3025,20200003499,AYW14120006002,I - SAT SOLUTION,INTERNET CAF�,C,6,61,342,342,342,342,DZORWULU,166,166,332,14,0
3026,20200003500,AYW14123001018,SANBAN FOREX BUREAU,FOREX BUREAUX/STAND ALONE ATMS,A,13,111,632,632,632,632,DZORWULU,700,700,1400,14,0
3027,20200003501,AYW14132001002,OMEG BUSINESS AND INTERNET CAFE,INTERNET CAF�,D,6,61,343,343,343,343,AIRPORT WEST,88,88,176,14,0
3028,20200003502,AYW14153003005,ADOM FURNITURE WORKS,GARAGES,D,3,24,88,91,91,91,AIRPORT WEST,100,100,200,14,0
3029,20200003503,AYW14153003008,ABDUL SAMED,GARAGES,D,3,24,88,91,91,91,AIRPORT WEST,100,100,200,14,0
3030,20200003504,AYW14153003011,ISAAC A. Y. B. AMOAH,GARAGES,D,3,24,88,91,91,91,AIRPORT WEST,100,100,200,14,0
3031,20200003505,AYW14153007013,WISDOM T. C. SERVICES,WORKSHOP/ OFFICE OF GOLDSMITH,B,3,24,91,100,100,100,AIRPORT WEST,84.16,84.16,168.32,14,0
3032,20200003506,AYW14153011015,MAI MOIR ENT.,SECOND-HAND CLOTHING,B,16,156,793,793,793,793,AIRPORT WEST RES. AR,200,200,400,14,0
3033,20200003507,AYW14161013003,AFRICA BUILDING PARTNERS,CONTRACTORS- BUILDING/CIVIL WORKS,A,7,78,429,429,429,429,AIRPORT WEST,526,526,1052,14,0
3034,20200003508,AYW14162004002,AFRICANO ELETRO,SATELLITE DISH INSTALLATION HOUSES,B,6,70,292,350,385,385,AIRPORT WEST,182,182,364,14,0
3035,20200003509,AYW14164019003,SA MACHADO,CONTRACTORS (BUILDING/CIVIL),C,7,79,454,454,454,454,AIRPORT WEST,630,630,1260,14,0
3036,20200003510,AYW14192006003,OUTOTEE,MINERAL AND OIL MINING/MARKETING FIRMS,G,21,179,910,910,910,910,AIRPORT WEST,3787.2,3787.2,7574.4,14,0
3037,20200003511,AYW14204001001,YAA  ASANTEWA  HOUSEMANAGEMENT COMPANY LTD.,RENTING OF PROPERTIES AS BUSINESS,C,11,100,591,591,591,591,ROMAN RIDGE,2500,2500,5000,14,0
3038,20200003512,AYW14206005001,DE MASTER AUTO,GARAGES,B,3,24,88,89,89,89,ROMAN RIDGE,315.6,315.6,631.2,14,0
3039,20200003513,AYW14209012003,S. G. S. LTD.,TRADE/CUSTOMS/INSPECT CO.,A,30,218,1112,1112,1112,1112,ROMAN RIDGE,4851,4851,9702,14,0
3040,20200003514,AYW14222001005,BRYANASH WINE & LIQUER,DISTRIBUTORS,C,14,116,460,589,654,654,ROMAN RIDGE,230,230,460,14,0
3041,20200003515,AYW12090006001,INVEST CORP ASSET MGT. LTD.,FINANCIAL INSTITUTIONS (NON-BANKING ),E,13,112,633,633,633,633,NORTH DZORWULU,4944.4,4944.4,4944.4,12,4944.4
3042,20200003516,AYW13026052010,STAR ASSURANCE,RE-INSURANCE & INSURANCE BROKERAGE,C,13,110,631,631,631,631,EAST LEGON,730,730,730,13,730
3043,20200003517,AYW13026057002,MILLENIUM INSURANCE COMPANY,RE-INSURANCE & INSURANCE BROKERAGE,C,13,110,631,631,631,631,EAST LEGON,730,730,730,13,730
3044,20200003518,AYW13033012001,WASHINTON SHOES & BAGS,BOUTIQUES,E,12,101,595,595,595,595,EAST LEGON,100,100,100,13,100
3045,20200003519,AYW13043003002,INVESITEGE CAPITAL PARTNERS LTD.,FINANCIAL INSTITUTIONS (NON-BANKING ),F,13,112,634,634,634,634,EAST LEGON,1998.8,1998.8,1998.8,13,1998.8
3046,20200003520,AYW13106015002,GLITZY KIDS,BOUTIQUES,E,12,101,595,595,595,595,EAST LEGON,100,100,100,13,100
3047,20200003521,AYW13120009001,UBUNTU CAPITAL MICROFINANCE LTD.,FINANCIAL INSTITUTIONS (NON-BANKING ),F,13,112,634,634,634,634,EAST LEGON,1998.8,1998.8,1998.8,13,1998.8
3048,20200003522,AYW13123040002,APEX HEALTH INSURANCE LTD.,RE-INSURANCE & INSURANCE BROKERAGE,C,13,110,631,631,631,631,EAST LEGON,730,730,730,13,730
3049,20200003523,AYW13139004002,EQUITY SAVINGS AND LOANS LIMITED,FINANCIAL INSTITUTIONS (NON-BANKING ),E,13,112,633,633,633,633,SHIASHIE,4944.4,4944.4,4944.4,13,4944.4
3050,20200003524,AYW14106008001,MAXMART,COMMERCIAL HOUSES/DEPARTMENTAL STORES,B,5,51,207,262,297,297,DZORWULU,2400,2400,2400,14,2400
3051,20200003525,AYW14116001023,PRINCIPAL CAPITAL LIMITED,FINANCIAL INSTITUTIONS (NON-BANKING ),F,13,112,634,634,634,634,DZORWULU,1998.8,1998.8,1998.8,14,1998.8
3052,20200003526,AYW14134004001,BAYPORT FINANCE SERVICES,FINANCIAL INSTITUTIONS (NON-BANKING ),G,13,112,635,635,635,635,AIRPORT WEST,1052,1052,1052,14,1052
3053,20200003527,AYW14136001001,SYLLA LUXOR GHANA LTD.,GUEST HOUSES/RESORTS,A,29,212,791,976,1048,1048,AIRPORT WEST RES. AR,368.2,368.2,368.2,14,368.2
3054,20200003528,AYW14166003001,GLICO HEALTH CARE,RE-INSURANCE & INSURANCE BROKERAGE,D,13,110,631,631,631,631,AIRPORT WEST,605,605,605,14,605
3055,20200003529,AYW14186012001,DUFRY  & GTDC LTD..,COMMERCIAL HOUSES/DEPARTMENTAL STORES,B,5,51,207,262,297,297,AIRPORT WEST RES. AR,2400,2400,2400,14,2400
3056,20200003530,AYW14021002001,VILLAGE INN,CHOP BARS,D,29,212,794,985,1063,1063,ACHIMOTA FOREST RESI,126.24,126.24,52.48,14,200
3057,20200003531,AYW14114011004,FIDO MONEY LEADING LTD.,FINANCIAL INSTITUTIONS (NON-BANKING ),F,13,112,634,634,634,634,DZORWULU,1998.8,1998.8,1900,14,2097.6
3058,20200003532,AYW13145033001,SUPER GEONA ENT,BEER/WINE / SPIRITS/SOFT DRINK SALES,B,14,118,466,596,661,661,SHIASHIE,1800,1800,1700,13,1900
3059,20200003533,AYW12083001008,MEDI GHANA MICRO FINANCE LTD.,FINANCIAL INSTITUTIONS (NON-BANKING ),F,13,112,634,634,634,634,UNIVERSITY O,1998.8,1998.8,3997.6,12,0
3060,20200003534,AYW12097009003,CCML CO. LTD.,FINANCIAL INSTITUTIONS (NON-BANKING ),F,13,112,634,634,634,634,NORTH DZORWU,1998.8,1998.8,3997.6,12,0
3061,20200003535,AYW12100001004,CBH GROUP,SPECIAL TUTORING (PROFESSIONAL PART-TIME CLASSES / REMEDIAL SCHOOL),F,23,194,731,912,980,980,SOUTH LEGON,526,526,1052,12,0
3062,20200003536,AYW12100004007,CALLENS SOLUTION,SPECIAL TUTORING (PROFESSIONAL PART-TIME CLASSES / REMEDIAL SCHOOL),B,23,194,731,908,976,976,SOUTH LEGON,2700,2700,5400,12,0
3063,20200003537,AYW12100009006,PRUDENTIAL BANK LIMITED,FINANCIAL INSTITUTIONS (NON-BANKING ),D,13,109,621,621,621,621,LEGON CAMPUS,5260,5260,10520,12,0
3064,20200003538,AYW12103001001,INS SAVINGS & LOANS COMPANY,FINANCIAL INSTITUTIONS (NON-BANKING ),A,13,112,447,568,633,633,W. LANDS,2500,2500,5000,12,0
3065,20200003539,AYW13007023003,RIDWAN CLOTHING,BOUTIQUES,E,12,101,595,595,595,595,,105,105,210,13,0
3066,20200003540,AYW13007023007,SXB COLLECTION,DRESSMAKERS /TAILORS(NON INDUSTRIAL),H,12,105,422,539,604,604,,105,105,210,13,0
3067,20200003541,AYW13009008032,BECCA SEFAH,BOUTIQUES,E,12,101,595,595,595,595,EAST LEGON,100,100,200,13,0
3068,20200003542,AYW13012007005,BLUE HILLS MICROFINANACE,FINANCIAL INSTITUTIONS (NON-BANKING ),G,13,112,635,635,635,635,EAST LEGON,1052,1052,2104,13,0
3069,20200003543,AYW13012007011,E.O.STEWARDS,MOBILE MONEY,E,13,113,639,639,639,639,,316,316,632,13,0
3070,20200003544,AYW13012018001,COY HAIR & MORE,HAIR & BEAUTY SERVICE PROVIDERS,A,12,102,414,531,596,596,,473,473,946,13,0
3071,20200003545,AYW13013026008,CREDO MONEY LENDING SERVICES,FINANCIAL INSTITUTIONS (NON-BANKING ),H,13,112,636,636,636,636,EAST LEGON,368.2,368.2,736.4,13,0
3072,20200003546,AYW13027004001,THE HIGHNRIDGE GUEST LODGE,GUEST HOUSES/RESORTS,A,29,212,791,976,1048,1048,TRINITY COLLEGE,368.2,368.2,736.4,13,0
3073,20200003547,AYW13037006001,QUALITE MUTUAL HEALTH INSURANCE,RE-INSURANCE & INSURANCE BROKERAGE,C,13,110,631,631,631,631,EAST LEGON,730,730,1460,13,0
3074,20200003548,AYW13050028005,IMAGES MULTI PURPOSE,FINANCIAL INSTITUTIONS (NON-BANKING ),I,13,112,637,637,637,637,EAST LEGON,241.95,241.95,483.9,13,0
3075,20200003549,AYW13051010002,HOLLARD INSURANCE,RE-INSURANCE & INSURANCE BROKERAGE,C,13,110,631,631,631,631,EAST LEGON,730,730,1460,13,0
3076,20200003550,AYW13056007001,AFRICA TRUST CAPITAL,FINANCIAL INSTITUTIONS (NON-BANKING ),E,13,112,633,633,633,633,EAST LEGON,4944.4,4944.4,9888.8,13,0
3077,20200003551,AYW13056028007,LUYDIA OKAI,BOUTIQUES,E,12,101,595,595,595,595,,105,105,210,13,0
3078,20200003552,AYW13056033007,SANTINA COLLECTION,BOUTIQUES,E,12,101,595,595,595,595,,105,105,210,13,0
3079,20200003553,AYW13056033011,ERIC OFORI,BOUTIQUES,E,12,101,595,595,595,595,,105,105,210,13,0
3080,20200003554,AYW13057004001,COSMOPOLITAN HEALTH INSURANCE,RE-INSURANCE & INSURANCE BROKERAGE,D,13,110,631,631,631,631,EAST LEGON,605,605,1210,13,0
3081,20200003555,AYW13059005005,I WEAR CLOTHING,BOUTIQUES,E,12,101,595,595,595,595,,105,105,210,13,0
3082,20200003556,AYW13060006002,GLADYS MARKET,OUTDOOR CATERING ESTABLISHMENTS,D,29,212,794,985,1066,1066,,210,210,420,13,0
3083,20200003557,AYW13061018003,KWESI NTI,BOUTIQUES,E,12,101,595,595,595,595,,105,105,210,13,0
3084,20200003558,AYW13063003003,TASH ENTERPRISE,MOBILE MONEY,,13,113,639,639,639,639,,300,300,600,13,0
3085,20200003559,AYW13064002001,WEALTH MANAGEMENT,FINANCIAL INSTITUTIONS (NON-BANKING ),G,13,112,635,635,635,635,AMBASSADORIAL ENCLAV,1052,1052,2104,13,0
3086,20200003560,AYW13069009007,WILTON GHANA ACCESSORIES,COMMERCIAL HOUSES/DEPARTMENTAL STORES,,5,51,210,265,300,300,,368,368,736,13,0
3087,20200003561,AYW13071001051,SYTRIS LIMITED,"BOOKS, STATIONERY, OFFICE EQUIPMENT, COMPUTER & ACCESSORY, ETC. SHOPS",G,28,209,776,961,1029,1029,EAST LEGON,750,750,1500,13,0
3088,20200003562,AYW13083006002,GLICO GUEST HOUSE,GUEST HOUSES/RESORTS,A,29,212,791,976,1048,1048,EAST LEGON,368.2,368.2,736.4,13,0
3089,20200003563,AYW13083032002,SARPOD REAL ESTATE CON. LTD.,HARDWARE,G,7,80,474,474,474,474,EAST LEGON,300,300,600,13,0
3090,20200003564,AYW13106027004,VANGUARD ASSURANCE,RE-INSURANCE & INSURANCE BROKERAGE,C,13,110,631,631,631,631,EAST LEGON,730,730,1460,13,0
3091,20200003565,AYW13107013016,ISAAC BOUTIQUE,BOUTIQUES,E,12,101,595,595,595,595,,105,105,210,13,0
3092,20200003566,AYW13123040001,PROGRESS SAVINGS,FINANCIAL INSTITUTIONS (NON-BANKING ),F,13,112,634,634,634,634,SHIASHIE,1998.8,1998.8,3997.6,13,0
3093,20200003567,AYW13124006002,ALLTERRAIN SERVICE GROUP,GUEST HOUSES/RESORTS,A,29,212,791,976,1048,1048,EAST LEGON,368.2,368.2,736.4,13,0
3094,20200003568,AYW13131001001,BOND SAVING AND LOANS,FINANCIAL INSTITUTIONS (NON-BANKING ),C,13,112,447,570,635,635,,1052,1052,2104,13,0
3095,20200003569,AYW13134001002,APEX CAPITAL PARTNERS LIMITED,FINANCIAL INSTITUTIONS (NON-BANKING ),F,13,112,634,634,634,634,SHIASHIE,1998.8,1998.8,3997.6,13,0
3096,20200003570,AYW13143004003,CONSOLIDATED BANK OF GHANA,PRIVATE INFORMATION AGENCIES/LIAISON OFFICE,D,23,192,970,970,970,970,EAST LEGON,5260,5260,10520,13,0
3097,20200003571,AYW14004012001,TESANO GUEST HOUSE,GUEST HOUSES/RESORTS,A,29,212,791,976,1048,1048,TESANO,368.2,368.2,736.4,14,0
3098,20200003572,AYW14005004001,DIRECT SAVING & LOAN,FINANCIAL INSTITUTIONS (NON-BANKING ),G,13,112,635,635,635,635,TESANO,1052,1052,2104,14,0
3099,20200003573,AYW14007007001,AMISGOLD MICROFINANCE SERVICES LTD.,FINANCIAL INSTITUTIONS (NON-BANKING ),G,13,112,635,635,635,635,TESANO,1052,1052,2104,14,0
3100,20200003574,AYW14011003001,C I G MICROFINANCE & LIFE INSURANCE,FINANCIAL INSTITUTIONS (NON-BANKING ),F,13,112,634,634,634,634,TESANO,1998.8,1998.8,3997.6,14,0
3101,20200003575,AYW14016015001,TRIPLE CROWN GUEST HOUSE,GUEST HOUSES/RESORTS,A,29,212,791,976,1048,1048,ABELENKPE,368.2,368.2,736.4,14,0
3102,20200003576,AYW14018010004,F & D FINANCE & LEASING CO. LTD.,FINANCIAL INSTITUTIONS (NON-BANKING ),F,13,112,634,634,634,634,ABELENKPE,1998.8,1998.8,3997.6,14,0
3103,20200003577,AYW14027028001,T G FINANCE & LEASING GHANA LTD.,FINANCIAL INSTITUTIONS (NON-BANKING ),E,13,112,633,633,633,633,ABELENKPE,4944.4,4944.4,9888.8,14,0
3104,20200003578,AYW14043019001,SWIGHA GUEST HOUSE,GUEST HOUSES/RESORTS,A,29,212,791,976,1048,1048,ABELENKPE,368.2,368.2,736.4,14,0
3105,20200003579,AYW14061004003,RENAIZANCE CAPITAL SOLUTION,FINANCIAL INSTITUTIONS (NON-BANKING ),F,13,112,634,634,634,634,ABELENKPE,1998.8,1998.8,3997.6,14,0
3106,20200003580,AYW14061009001,COMMODORE GUEST HOUSE,GUEST HOUSES/RESORTS,A,29,212,791,976,1048,1048,ABELENKPE,368.2,368.2,736.4,14,0
3107,20200003581,AYW14077017005,FIDO MONEY LENDING,FINANCIAL INSTITUTIONS (NON-BANKING ),F,13,112,634,634,634,634,DZORWULU,1998.8,1998.8,3997.6,14,0
3108,20200003582,AYW14081014001,GHANA BAUXITE CO. LTD. GUEST HOUSE,GUEST HOUSES/RESORTS,A,29,212,791,976,1048,1048,ACHIMOTA FOREST RESI,368.2,368.2,736.4,14,0
3109,20200003583,AYW14094001001,MCOTTLEY CO. LTD,FINANCIAL INSTITUTIONS (NON-BANKING ),F,13,112,634,634,634,634,DZORWULU,1998.8,1998.8,3997.6,14,0
3110,20200003584,AYW14096009002,EEAR HOLDINGS LTD.,FINANCIAL INSTITUTIONS (NON-BANKING ),G,13,112,635,635,635,635,DZORWULU,1052,1052,2104,14,0
3111,20200003585,AYW14104004002,FIRST TRUST SAVING AND LOANS,FINANCIAL INSTITUTIONS (NON-BANKING ),E,13,112,633,633,633,633,DZORWULU,4944.4,4944.4,9888.8,14,0
3112,20200003586,AYW14104011003,AQUA PROFESSIONALS LTD.,HARDWARE,G,7,80,474,474,474,474,DZORWULU,300,300,600,14,0
3113,20200003587,AYW14120005001,RIVER CAPITAL MICROFINANCE LTD.,FINANCIAL INSTITUTIONS (NON-BANKING ),F,13,112,634,634,634,634,DZORWULU,1998.8,1998.8,3997.6,14,0
3114,20200003588,AYW14127001001,SPERIFAX GUEST HOUSE,GUEST HOUSES/RESORTS,A,29,212,791,976,1048,1048,DZORWULU,368.2,368.2,736.4,14,0
3115,20200003589,AYW14136017001,BAYPORT  FINANCIAL  SERVICES,FINANCIAL INSTITUTIONS (NON-BANKING ),F,13,112,634,634,634,634,AIRPORT WEST,1998.8,1998.8,3997.6,14,0
3116,20200003590,AYW14139004001,EQUITY SAVING & LOANS LIMITED,FINANCIAL INSTITUTIONS (NON-BANKING ),E,13,112,633,633,633,633,EAST LEGON,4944.4,4944.4,9888.8,14,0
3117,20200003591,AYW14142008001,ALLTIME CAPITAL,FINANCIAL INSTITUTIONS (NON-BANKING ),F,13,112,634,634,634,634,AIRPORT WEST RES. AR,1998.8,1998.8,3997.6,14,0
3118,20200003592,AYW14153014005,CAPSTONE CAPITAL LIMITED,FINANCIAL INSTITUTIONS (NON-BANKING ),F,13,112,634,634,634,634,AIRPORT WEST,1998.8,1998.8,3997.6,14,0
3119,20200003593,AYW14177018002,PALISADES GUEST HOUSE,GUEST HOUSES/RESORTS,A,29,212,791,976,1048,1048,AIRPORT WEST RES. AR,368.2,368.2,736.4,14,0
3120,20200003594,AYW14189013002,CREST FINANCE HOUSE LTD.,FINANCIAL INSTITUTIONS (NON-BANKING ),E,13,112,633,633,633,633,AIRPORT WEST,4944.4,4944.4,9888.8,14,0
3121,20200003595,AYW14198021001,NESST CAPITAL,FINANCIAL INSTITUTIONS (NON-BANKING ),G,13,112,635,635,635,635,AIRPORT WEST,1052,1052,2104,14,0
3122,20200003596,AYW14224002021,COMMERZ SAVINGS & LOANS LTD.,FINANCIAL INSTITUTIONS (NON-BANKING ),E,13,112,633,633,633,633,ROMAN RIDGE,4944.4,4944.4,9888.8,14,0
3123,20200003597,AYW14224006002,INTERKEK GHANA LTD,INTERNET (DATA) SERVICE PROVIDERS,D,6,71,392,392,392,392,AIRPORT ,6500,6500,13000,14,0
3124,20200003598,AYW14102011003,HARLEQUIN INTERNATIONAL (GHANA),PROFESSIONAL FIRMS ( ENGINEERING),B,23,194,976,976,976,976,DZORWULU,2700,2700,2700,14,2700
3125,20200003599,AYW14024001006,TRANSSNET MUSIC GHANA LIMITED,ONLINE TRADING,A,5,59,331,331,331,331,ABELEMKPE,1000,1000,1000,14,1000
3126,20200003600,AYW14158005001,CONFETTI GIFT SHOP,GIFT SHOP,A,16,144,755,755,755,755,AIRPORT ,210,210,210,14,210
3127,20200003601,AYW12062002001,GOBA KENTE,FABRIC DEALERS,B,12,106,608,608,608,608,WESTLAND,210,842,210,12,842
3128,20200003602,AYW13059025001,HAIR MINES,BEAUTY COMPLEX (E.G. FC BEAUTY),B,3,30,155,155,155,155,EAST LEGON,526,526,526,13,526
3129,20200003603,AYW14020020010,OURGREAT JIREH GROUP LTD,SECOND-HAND CAR DEALERS,C,3,24,128,128,128,128,ABELEMKPE,736,0,736,14,0
3130,20200003604,AYW13083037003,BIOFEM GHANA LIMITED,IMPORTERS WITH WHOLESALE,A,30,223,1137,1137,1137,1137,EAST LEGON,1500,0,1500,13,0
3131,20200003605,AYW14059018002,THE NEW SCHOOL LTD,SENIOR HIGH / TECHNICAL SCHOOLS,C,8,82,491,491,491,491,ABELEMKPE,842,842,842,14,842
3132,20200003606,AYW13092019005,GENELAB LTD,MEDICAL LABORATORY,A,18,160,821,821,821,821,EAST LEGON,579,0,579,13,0
3133,20200003607,AYW14171005001,CORPORATE LEGAL CONCEPTS,PRIVATE LEGAL FIRM,C,23,194,977,977,977,977,AIRPORT,1473,1473,2946,14,0
3134,20200003608,AYW13067034001,AMERICAN REJUVENATION CLINIC,CLINIC,C,18,160,818,818,818,818,EAST LEGON,1000,0,1000,13,0
3135,20200003609,AYW14202004019,SIEMENS ENERGY SAS,POWER ENERGY DEALERS,D,9,87,534,534,534,533,ROMAN RIDGE,14728,0,14728,14,0
3136,20200003610,AYW13013015003,SCOOPS OF NATURE,SNACK BARS,A,29,212,1067,1067,1067,1067,EAST LEGON,526,0,526,13,0
3137,20200003611,AYW14205008004,SUBSEA 7 VOLTA CONTRACTORS,OIL &GAS EXPLORATION,C,21,179,910,910,910,910,ROMAN RIDGE,3787,0,3787,14,0
3138,20200003612,AYW14019001003,PREMIUM LAW CONSULT,PRIVATE LEGAL ESTABLISHMENTS/FIRMS,A,23,194,978,978,978,978,ABELENKPE,736.4,736.4,1472.8,14,0
3139,20200003613,AYW13133002003,ONE DAY PHOTO &VIDEO PRODUCTION,,E,23,194,975,975,975,975,,53,53,106,13,0
3140,20200003614,AYW13037111002,LADIES OBESSESSIONS,,F,23,194,975,975,975,975,,63,63,126,13,0
3141,20200003615,AYW13038024005,AKUS' NAIL,,,23,194,975,975,975,975,,63,63,126,13,0
3142,20200003616,AYW13056024004,ALISCO BEAUTY CLINIC,,E,23,194,975,975,975,975,,68,68,136,13,0
3143,20200003617,AYW13056033009,SHEPHERD PHONES,PHONE SHOP,F,23,194,975,975,975,975,,68,68,136,13,0
3144,20200003618,AYW13027013001,LES-ANN,,D,23,194,975,975,975,975,,75,75,150,13,0
3145,20200003619,AYW13054012002,DUFIE HAIR STUDIO,,D,23,194,975,975,975,975,,75,75,150,13,0
3146,20200003620,AYW13038025002,TILLYENK BEAUTY SPLASH,,D,23,194,975,975,975,975,,76,76,152,13,0
3147,20200003621,AYW13012007010,AMANDA DON-CHEBE,NEIGHBOURHOOD SHOP COMMERCIAL,H,23,194,975,975,975,975,,79,79,158,13,0
3148,20200003622,AYW13085014001,EMMANUEL ENTERPRISE,CONTAINER/SMALL SHOP,H,23,194,975,975,975,975,,79,79,158,13,0
3149,20200003623,AYW13085015001,WITH GOD PROVISION SHOP,CONTAINER/SMALL SHOP,H,23,194,975,975,975,975,,79,79,158,13,0
3150,20200003624,AYW13106005004,LORD IS MY SHEPHERD COLD STORE,NON-IMPORTERS WITH CONTAINER FACILITIES,D,23,194,975,975,975,975,,100,100,200,13,0
3151,20200003625,AYW13026005015,SWEET DELIGHT,COMMERCIAL SANCK BAR,G,23,194,975,975,975,975,,105,105,210,13,0
3152,20200003626,AYW13038022001,HEALTH SECRET,COMMERCIAL(HEALTH SHOP),G,23,194,975,975,975,975,,105,105,210,13,0
3153,20200003627,AYW13038025001,RAFA ENTERPRISE,,C,23,194,975,975,975,975,,105,105,210,13,0
3154,20200003628,AYW13051013001,FINAL TOUCH,LOCAL FAST FOOD,B,29,212,1071,1071,1071,1071,,105,105,210,13,0
3155,20200003629,AYW13060025002,B&J COLD STORE,,F,23,194,975,975,975,975,,105,105,210,13,0
3156,20200003630,AYW13063008004,BROKEN ENGLISH SPA,BOUTIQUE & SPA,E,23,194,975,975,975,975,,105,105,210,13,0
3157,20200003631,AYW13071012001,HAPPINESS ATTIEKE,FOOD JOINT,B,23,194,975,975,975,975,,105,105,210,13,0
3158,20200003632,AYW13051008006,BEST HAIR DEALS,,C,23,194,975,975,975,975,,126,126,252,13,0
3159,20200003633,AYW13038025003,FAITH INN,,A,23,194,975,975,975,975,,150,150,300,13,0
3160,20200003634,AYW13051010004,THE DD'S LAUNDRY AND CLEANING SERVICES,,C,23,194,975,975,975,975,BOUNDARY ROAD,150,150,300,13,0
3161,20200003635,AYW13100010003,DOTIES ENT,,H,23,194,975,975,975,975,EAST LEGON,153.9,153.9,307.8,13,0
3162,20200003636,AYW14135015001,BIFSAT ENT. (HORTICULTURE),,H,23,194,975,975,975,975,AIRPORT WEST,153.9,153.9,307.8,14,0
3163,20200003637,AYW14150013001,RAZ-N,,H,23,194,975,975,975,975,AIRPORT WEST,153.9,153.9,307.8,14,0
3164,20200003638,AYW13013021001,KALUSHIA,ELECTRONIC/HOME APL,H,23,194,975,975,975,975,LA BAWALESHIE RD.FREETWON AVENUE,158,158,316,13,0
3165,20200003639,AYW13026015004,BIRTHDAY INN,DRINKING BAR/LOCAL MFOOD,B,23,194,975,975,975,975,,158,158,316,13,0
3166,20200003640,AYW13051014001,RAIMER COLLECTION,DRESS MAKING/FABRICS,E,23,194,975,975,975,975,,158,158,316,13,0
3167,20200003641,AYW13056028005,MD DESIGNS,DRESS MAKING,E,23,194,975,975,975,975,,158,158,316,13,0
3168,20200003642,AYW13069043001,CHARLOTTE PRIV�,DESIGNER,E,23,194,975,975,975,975,,158,158,316,13,0
3169,20200003643,AYW13108020001,NATURES MARKET,HEALTH SHOP,B,23,194,975,975,975,975,,166,166,332,13,0
3170,20200003644,AYW13007026001,RELELINE APPOREAL,BOUTIQUE( SECOND HAND CLOTHING,B,23,194,975,975,975,975,,200,200,400,13,0
3171,20200003645,AYW13068002002,AXIS RESOURCE LTD,LAND SCAPERS/HOLTICUTRURE,A,23,194,975,975,975,975,EAST LEGON,200,200,400,13,0
3172,20200003647,AYW13074013007,CHOSEN CARDS AND GIFTS,,A,23,194,975,975,975,975,GARDEN STREET,200,200,400,13,0
3173,20200003648,AYW13052010007,FAGATI,,C,23,194,975,975,975,975,EAST LEGON,205.2,205.2,410.4,13,0
3174,20200003649,AYW13037111001,MODEPR RENTAL,CEREMONIAL HIRING SERVICE,C,23,194,975,975,975,975,,210,210,420,13,0
3175,20200003650,AYW13051005001,NEW CENTURY AQUARIUM,FEED MILL/PETS,A,23,194,975,975,975,975,,210,210,420,13,0
3176,20200003651,AYW13071003002,FAMPHY SPOT,DRINKING BAR AND FOOD,B,23,194,975,975,975,975,JUNGLE AVENUE,220,220,440,13,0
3177,20200003652,AYW13012023001,MOM'S VIP,DISTRIBUTION OF DRINKS,C,23,194,975,975,975,975,,230,230,460,13,0
3178,20200003653,AYW13107013019,OBRONI FAST FOOD,LOCAL FAST FOOD,A,29,212,1071,1071,1071,1071,,263,263,526,13,0
3179,20200003654,AYW13010023005,PRERIONS FASHION,BOUTIQUE/DRESS MAKING,D,23,194,975,975,975,975,,295,295,590,13,0
3180,20200003655,AYW13106018001,LUXGUARD LTD.,,C,23,194,975,975,975,975,EAST LEGON,300,300,600,13,0
3181,20200003656,AYW13149003005,ALWAYS LISTEN TO YOUR DOG,DOG FEEDS,B,23,194,975,975,975,975,,316,316,632,13,0
3182,20200003657,AYW13128020001,BRAND EFFECT,,C,23,194,975,975,975,975,EAST LEGON,331,331,662,13,0
3183,20200003658,AYW14001020001,FENGFAN INT. CO. GH. LTD.,,C,23,194,975,975,975,975,TESANO,331,331,662,14,0
3184,20200003659,AYW14020024002,WEBAD COMPANY LTD.,,C,23,194,975,975,975,975,ABELENKPE,331,331,662,14,0
3185,20200003660,AYW14056003002,INVENTMEDIA GHANA LIMITED,,C,23,194,975,975,975,975,ABELENKPE,331,331,662,14,0
3186,20200003661,AYW14094022001,PLATINUM PLANET LTD.,,C,23,194,975,975,975,975,DZORWULU,331,331,662,14,0
3187,20200003662,AYW14127016001,KOBAY LIMITED,,C,23,194,975,975,975,975,DZORWULU,331,331,662,14,0
3188,20200003663,AYW13009006006,HAGGLE STORE,MOBILE HOUSE&ACCESSERIES,D,6,68,374,374,374,374,,350,350,700,13,0
3189,20200003664,AYW13046002002,COMPUFIX LAB,PHONE & ACCESSORIES,D,23,194,975,975,975,975,,350,350,700,13,0
3190,20200003665,AYW13059005004,EXCLUSIVE VARIETY SHOP,,E,23,194,975,975,975,975,,368,368,736,13,0
3191,20200003666,AYW13037103001,SEKPRIN,ELECTRICAL HOME APPLIANCE,G,23,194,975,975,975,975,,380,380,760,13,0
3192,20200003667,AYW13023033007,MEETS IMPRESSION GHANA LTD.,,B,23,194,975,975,975,975,TRINITY COLLEGE,400,400,800,13,0
3193,20200003668,AYW13037109002,RODEA DRIVE GIFT BOUTIQUE,,B,23,194,975,975,975,975,,400,400,800,13,0
3194,20200003669,AYW13050021002,I-ZONE LIMITED,,A,23,194,975,975,975,975,,421,421,842,13,0
3195,20200003670,AYW13062019012,JOKASON VENTURES,,C,23,194,975,975,975,975,BAWALESHIE,460,460,920,13,0
3196,20200003671,AYW13091003001,THAI MASSAGE,,C,23,194,975,975,975,975,IRIS STREET,500,500,1000,13,0
3197,20200003672,AYW13050021001,SHANOZ INDUSTRIES &TRADING,ELECTRONIC/HOME APPLIANCES/SHOP,E,23,194,975,975,975,975,,526,526,1052,13,0
3198,20200003673,AYW13063008006,BOS AUTO ELECTRONICS,ELECTRICAL/HOME APPLIANCES,F,23,194,975,975,975,975,,526,526,1052,13,0
3199,20200003674,AYW13100010002,THEO'S SHOP/STORE,,A,23,194,975,975,975,975,EAST LEGON,574.56,574.56,1149.12,13,0
3200,20200003675,AYW13059005006,PRO NATURE HEALTH STORE,HEALTH SHOP,C,23,194,975,975,975,975,,589,589,1178,13,0
3201,20200003676,AYW13081025002,GRAND UNIQUE COMPANY LIMITED,GENERAL SUPPLY COMPANY LIMITED,B,23,194,975,975,975,975,,592,592,1184,13,0
3202,20200003677,AYW13074004006,BEAUTIFUL BENEATTH,,A,23,194,975,975,975,975,,620,620,1240,13,0
3203,20200003678,AYW13051008007,DOXA CAPITAL LIMITED,,B,23,194,975,975,975,975,,700,700,1400,13,0
3204,20200003679,AYW13052010005,MANIGAB,,A,23,194,975,975,975,975,EAST LEGON,700,700,1400,13,0
3205,20200003680,AYW13133004001,ROD FEREX BUREAUX,,A,23,194,975,975,975,975,,700,700,1400,13,0
3206,20200003681,AYW14095005001,JAMJAR COMPANY  LIMITED ,EVENT HOUSE,C,23,194,975,975,975,975,DZORWULU,700,700,1400,14,0
3207,20200003682,AYW14097019004,CHIEF EXECUTIVE GHANA LTD,EVENT ORGANISERS,C,23,194,975,975,975,975,DZORWULU,700,700,1400,14,0
3208,20200003683,AYW14122006002,REDWOOD UNIVERSAL,EDUCATION SPECIAL TUTORING,B,23,194,975,975,975,975,DZORWULU,700,700,1400,14,0
3209,20200003684,AYW13032025001,AB&A,LEGAL FIRM,D,23,194,975,975,975,975,,736,736,1472,13,0
3210,20200003685,AYW13071012002,KUKS MART,MART,F,23,194,975,975,975,975,,753,753,1506,13,0
3211,20200003686,AYW13123001010,ADVANCE KMS ALLUMINIUM VENTURES,,E,23,194,975,975,975,975,SHIASHIE,760,760,1520,13,0
3212,20200003687,AYW13071001006,SHOE BOX GHANA,,B,23,194,975,975,975,975,EAST LEGON,779.76,779.76,1559.52,13,0
3213,20200003688,AYW14069006001,DESMOND INTERNATIONAL GHANA LTD.,,J,23,194,975,975,975,975,ABELENKPE,800,800,1600,14,0
3214,20200003689,AYW13055001001,YOYO KIDZ CLUB,,C,23,194,975,975,975,975,EAST LEGON,945.6,945.6,1891.2,13,0
3215,20200003690,AYW13073018002,KORA SPA,,B,23,194,975,975,975,975,,1000,1000,2000,13,0
3216,20200003691,AYW13074004007,EKT SHOPPING MART,,D,23,194,975,975,975,975,  GARDEN STREET,1000,1000,2000,13,0
3217,20200003692,AYW13139023001,MADIABA DREAMS,WATER PRODUCING,C,14,127,705,705,705,705,LAGOS AVENUE,1000,1000,2000,13,0
3218,20200003693,AYW14045012002,SOPDIVA TRAINING CENTRE LTD ,PROFESSIONAL PART TIME,A,23,194,975,975,975,975,ABELEMPKE,1000,1000,2000,14,0
3219,20200003694,AYW13071001012,LORIENT KAL GHANA LTD,,A,23,194,975,975,975,975,EAST LEGON,1026,1026,2052,13,0
3220,20200003695,AYW13071001034,GOLDEN KREME LTD,,A,23,194,975,975,975,975,EAST LEGON,1026,1026,2052,13,0
3221,20200003696,AYW13084022002,GLOBAL ACTURAL PARTNERS,PRIVATE CONSULTANCY,B,23,194,975,975,975,975,,1052,1052,2104,13,0
3222,20200003697,AYW13149003002,EAST LEGON SUPERMARKET,SUPERMARKET/PHARMACY,D,18,164,844,844,844,844,,1052,1052,2104,13,0
3223,20200003698,AYW13132003002,UK STAR GROUP LTD,,C,23,194,975,975,975,975,EAST LEGON,1213.76,1213.76,2427.52,13,0
3224,20200003699,AYW13071001025,MILL COMPANY,,B,23,194,975,975,975,975,EAST LEGON,1220,1220,2440,13,0
3225,20200003700,AYW13062020001,ESCRIPTS SOLUTIONS LTD,,C,23,194,975,975,975,975,BAWALESHIE,1336.4,1336.4,2672.8,13,0
3226,20200003701,AYW13071001009,TENECE PROFESSIONAL SERVICES,,C,23,194,975,975,975,975,EAST LEGON,1336.4,1336.4,2672.8,13,0
3227,20200003702,AYW13071001023,TENECE PROFESSIONAL SERVICES,,C,23,194,975,975,975,975,EAST LEGON,1336.4,1336.4,2672.8,13,0
3228,20200003703,AYW13123001012,ASTERIX BROKERS LIMITED,,C,23,194,975,975,975,975,EAST LEGON,1350,1350,2700,13,0
3229,20200003704,AYW13123001013,EASTBRIDGE ASSOCIATES,,A,23,194,975,975,975,975,EAST LEGON,1400,1400,2800,13,0
3230,20200003705,AYW13058001001,TECH FIN INNOVATIONS LIMITED,FINANCIAL,B,23,194,975,975,975,975,,1500,1500,3000,13,0
3231,20200003706,AYW13069045004,B T C AFRICA SA,FINANCIAL INSTITUTION(NON-BANKING,D,23,194,975,975,975,975,EAST LEGON,1500,1500,3000,13,0
3232,20200003707,AYW14192006002,SMOLLEN SKY'S RESTAURANT,,C,23,194,975,975,975,975,AIRPORT WEST,1500,1500,3000,14,0
3233,20200003708,AYW13009015003,AF WEST INTERNATIONAL SECURITY,PRIVATE SECURITY,A,27,208,1020,1020,1020,1020,,1599,1599,3198,13,0
3234,20200003709,AYW13100032001,LIBERTY AMERICA SCHOOL,,A,23,194,975,975,975,975,EAST LEGON,1998.8,1998.8,3997.6,13,0
3235,20200003710,AYW13100025002,STEEL TRUST LTD,,D,23,194,975,975,975,975,SHIASHIE,2052,2052,4104,13,0
3236,20200003711,AYW13051013002,SWIFT HAULAGE,,B,23,194,975,975,975,975,,2104,2104,4208,13,0
3237,20200003712,AYW13060014001,SUN IN LIMITED,SOLAR ENERGY( IMPORTER),A,9,90,546,546,546,546,NEAR DR OFFORI SARPONGS BUILDING,2315,2315,4630,13,0
3238,20200003713,AYW13083016001,ATLANTIC CATERING AND LOGISTICS,INDUSTRIAL ESTABLISHMENT,A,23,194,975,975,975,975,PARK STREET,2400,2400,4800,13,0
3239,20200003714,AYW13145003002,THE FARMERS MARKET,,B,23,194,975,975,975,975,EAST LEGON,2400,2400,4800,13,0
3240,20200003715,AYW13061009006,SPARKLE TV,ELECTRONIC MEDIA (TELEVISION0,D,23,194,975,975,975,975,,2630,2630,5260,13,0
3241,20200003716,AYW14140002002,MEINERGY TECHNOLOGY LTD,SOLAR ENERGY,A,9,90,546,546,546,546,AIRPORT WEST,2715,2715,5430,14,0
3242,20200003717,AYW13100025001,TRUST GREEN LTD,,C,23,194,975,975,975,975,SHIASHIE,2758,2758,5516,13,0
3243,20200003718,AYW13132014001,S G L ROYAL KAPITA,,A,23,194,975,975,975,975,EAST LEGON,2872.8,2872.8,5745.6,13,0
3244,20200003719,AYW13136010002,INSPIRE AFRICA CONSULT LTD,,A,23,194,975,975,975,975,EAST LEGON,2872.8,2872.8,5745.6,13,0
3245,20200003720,AYW14136012001,J. KOFI BUCKNOR & ASSOCIATES,,A,23,194,975,975,975,975,AIRPORT WEST,2872.8,2872.8,5745.6,14,0
3246,20200003721,AYW14149012001,SPHYNX LIMITED,,A,23,194,975,975,975,975,AIRPORT WEST,2872.8,2872.8,5745.6,14,0
3247,20200003722,AYW14181005001,IGIP CONSULTING ENGINEERING,,C,23,194,975,975,975,975,AIRPORT WEST,2872.8,2872.8,5745.6,14,0
3248,20200003723,AYW13065006002,BOWER ENGINEERING GHANA LTD,MINERAL MARKETING/MINING SUB CONTRACTORS,C,21,179,916,916,916,916,EAST LEGON,3156,3156,6312,13,0
3249,20200003724,AYW13071001020,SCB-EBU (DELLINO INVETMENT LTD),,E,23,194,975,975,975,975,EAST LEGON,3366.4,3366.4,6732.8,13,0
3250,20200003725,AYW13104005002,BAR PURITY GHANA LIMITED,,F/C,23,194,975,975,975,975,EAST LEGON,3500,3500,7000,13,0
3251,20200003726,AYW14144003001,EBONY OIL & GAS LTD,,F/C,23,194,975,975,975,975,AIRPORT WEST,3500,3500,7000,14,0
3252,20200003727,AYW14205008003,SUBSEA 7 VOLTA CONTRACTORS,OIL &GAS EXPLORATION,C,21,179,910,910,910,910,ROMAN RIDGE,3787,3787,7574,14,0
3253,20200003728,AYW13069003002,GOLDEN EMPIRE LEGACY LTD,,F/G,23,194,975,975,975,975,EAST LEGON,3787.2,3787.2,7574.4,13,0
3254,20200003729,AYW13069005002,GOLDEN EMPIRE LODGE,,F/G,23,194,975,975,975,975,EAST LEGON,3787.2,3787.2,7574.4,13,0
3255,20200003730,AYW13103019003,CORNER STORE INT SCHOOL,,A,23,194,975,975,975,975,EAST LEGON,3898.8,3898.8,7797.6,13,0
3256,20200003731,AYW13136010001,GHANA LEASING COMPANY,,F,23,194,975,975,975,975,EAST LEGON,3898.8,3898.8,7797.6,13,0
3257,20200003732,AYW12102004006,CADS CONTRACT & SERVICES LTD,,B,23,194,975,975,975,975,NORTH DZORWULU,4500,4500,9000,12,0
3258,20200003733,AYW13071001057,A/C DEVELOPMENT CO LTD,PROPERTY MANAGERS,B,11,100,590,590,590,590,EAST LEGON,4500,4500,9000,13,0
3259,20200003734,AYW13049020002,DOPHHIE AUTOMOBILE,AUTOMIBLE COMPANIES/VEHICLE SALES,C,23,194,975,975,975,975,,5260,5260,10520,13,0
3260,20200003735,AYW13128015001,SIKANII MOTORS,AUTOMIBLE COMPANIES/CAR SALES,C,23,194,975,975,975,975,,5260,5260,10520,13,0
3261,20200003736,AYW14009003003,WEAVE GHANA LTD,,E,23,194,975,975,975,975,TESANO,5260,5260,10520,14,0
3262,20200003737,AYW14166013001,ACCESS BANK LTD,,D,23,194,975,975,975,975,AIRPORT WEST,5260,5260,10520,14,0
3263,20200003738,AYW14155007005,ROBERT BOSCH GH. LTD,,A,23,194,975,975,975,975,AIRPORT WEST,5516,5516,11032,14,0
3264,20200003739,AYW13057005002,ELITE KINGDOM & INVESTMENT CONSULT,,C,23,194,975,975,975,975,EAST LEGON,5745.6,5745.6,11491.2,13,0
3265,20200003740,AYW13071001017,CLIFTION HOMES,,C,23,194,975,975,975,975,ABELEMKPE,5745.6,5745.6,11491.2,13,0
3266,20200003741,AYW13081004001,CLASSROOM POOL LOUNGE,,A,23,194,975,975,975,975,EAST LEGON,6800,6800,13600,13,0
3267,20200003742,AYW13123001005,MEDVIEW AIRLINE,,B,23,194,975,975,975,975,EAST LEGON,7592.4,7592.4,15184.8,13,0
3268,20200003743,AYW12102011002,MODEC,,A,23,194,975,975,975,975,NORTH DZORWULU,8732,8732,17464,12,0
3269,20200003744,AYW14166013003,CLIFTION HOMES,,A,23,194,975,975,975,975,AIRPORT WEST,8836.8,8836.8,17673.6,14,0
3270,20200003745,AYW13148004,ROYAL FURNISHERS LTD,FURNITURE,B,23,194,975,975,975,975,EAST LEGON,12000,12000,24000,13,0
3271,20200003746,AYW14191023003,CENIT ENERGY LIMITED,POWER ENERGY DEALERS,A,9,87,534,534,534,975,AIRPORT,14728,14728,29456,14,0
3272,20200003747,AYW13055006002,BROOK ASSET MANAGEMENT ,,C,23,194,975,975,975,975,EAST LEGON,15200,15200,30400,13,0
3273,20200003748,AYW13066036001,SWIFT WORLD WIDE RESOURCES,,B,23,194,975,975,975,975,EAST LEGON,46280,46280,92560,13,0